Compound,Date,Negative,Neutral,Positive,Tweet Text,Tweets Ago,User
0.5719,Fri Aug 10 20:04:05 +0000 2018,0.0,0.837,0.163,"A mix of musicians with New York roots celebrate the changing soundscape of the Big Apple. üöñüá∫üá∏üóΩüçéüé∂

@bbcproms: New Y‚Ä¶ https://t.co/h2KlqvJ1b6",0,@BBC
-0.3252,Fri Aug 10 18:00:18 +0000 2018,0.152,0.848,0.0,üòà Ever wondered what happens if you don't say 'bless you' after someone sneezes? https://t.co/7u0MPlOxuI,1,@BBC
0.0,Fri Aug 10 15:59:00 +0000 2018,0.0,1.0,0.0,Exact plans for this weekend... üò¥ #FridayFeeling https://t.co/Qs7CVmNqUM,2,@BBC
0.1027,Fri Aug 10 14:20:17 +0000 2018,0.076,0.833,0.091,"RT @BBC_Future: If we cut the time moving our eyes, can we read at much greater speeds? Give speed-reading a try yourself in this video. ht‚Ä¶",3,@BBC
0.6696,Fri Aug 10 13:45:48 +0000 2018,0.0,0.824,0.176,"RT @BBCR1: Voting for the #R1TeenAwards is now open! 

Who gets your vote for Best International Solo Artist?

Full terms + privacy notice‚Ä¶",4,@BBC
-0.296,Fri Aug 10 13:04:05 +0000 2018,0.155,0.845,0.0,"Could your drinking habits stop you from getting a mortgage? üçªüè°

üìªüëâ https://t.co/bBSqFrB1bV https://t.co/JWVH9hv7iH",5,@BBC
0.4019,Fri Aug 10 12:01:06 +0000 2018,0.0,0.769,0.231,üòÇ When you need an adult to help you adult. https://t.co/dmTAtQG1hp,6,@BBC
0.3182,Fri Aug 10 11:03:03 +0000 2018,0.0,0.901,0.099,üêäüë©‚Äçüéì A US college student has made sure her graduation snaps are ones to remember - after posing in her cap and sas‚Ä¶ https://t.co/Yuwif9uJ9o,7,@BBC
0.7281,Fri Aug 10 10:03:05 +0000 2018,0.0,0.71,0.29,"This brave little lizard clearly hasn't heard of the phrase 'never wake a sleeping lion'! ü¶Åü¶é
 #WorldLionDay

https://t.co/F8oMgbsWok",8,@BBC
0.0,Fri Aug 10 08:49:05 +0000 2018,0.0,1.0,0.0,RT @BBCNewsbeat: Stick it in your diary! @gregjames has just announced he‚Äôll be on the @bbcr1 Breakfast Show from Monday 20th August. https‚Ä¶,9,@BBC
0.0,Fri Aug 10 08:48:28 +0000 2018,0.0,1.0,0.0,"RT @bbcweather: So far this summer, we've had 26 days of 30C or over and 65 days of 25C or over. 
In 1976 we saw 24 days above 30C. 
30C+ d‚Ä¶",10,@BBC
0.3612,Fri Aug 10 08:00:21 +0000 2018,0.0,0.828,0.172,"ü¶èüö® This is what it looks like when rhinos get road rage...

https://t.co/01oliiia90",11,@BBC
0.4472,Fri Aug 10 07:25:08 +0000 2018,0.0,0.882,0.118,"By distinguishing future from present in what we say, can we end up saving less and even caring less for the enviro‚Ä¶ https://t.co/L78chQm5nu",12,@BBC
0.0,Fri Aug 10 07:00:20 +0000 2018,0.0,1.0,0.0,"üíÖüèª 84-year-old Maisie Trollette has performed at every single #BrightonPride since 1973.
Could she be Britain's old‚Ä¶ https://t.co/2fhpNHgMS5",13,@BBC
0.0,Thu Aug 09 18:05:04 +0000 2018,0.0,1.0,0.0,"üòÇ Say it with us - ""pooper scooper"". 
#TheGNShow https://t.co/LzGNbCvOcN",14,@BBC
0.5719,Thu Aug 09 17:31:08 +0000 2018,0.0,0.684,0.316,"Everyone loves Colin Firth as Mr Darcy... üòç#PrideAndPrejudice 

https://t.co/9q59u7LNVg",15,@BBC
0.0,Thu Aug 09 16:17:46 +0000 2018,0.0,1.0,0.0,"Gemma Arterton, Catherine Tate, @Gemma_Chan, @EmiliaClarke, @IAmLenaHeadey, Anthony Welsh, @KT_Leung, @WunMo,‚Ä¶ https://t.co/HgPtbdYJsr",16,@BBC
0.0,Thu Aug 09 16:03:02 +0000 2018,0.0,1.0,0.0,"üòÇ Remember the time Attenborough said 'BOO!' to a sloth?

#LifeOfMammals https://t.co/x8UxG2gTpL",17,@BBC
0.1581,Thu Aug 09 15:24:00 +0000 2018,0.124,0.727,0.149,"'It's not rocket science darling. We‚Äôre just asking you to be thin and curvy, sexy and innocent!‚Äô

Acting auditions‚Ä¶ https://t.co/EtW7o6NppW",18,@BBC
0.0,Thu Aug 09 14:02:06 +0000 2018,0.0,1.0,0.0,"ü§îüòÇ How did Shakespeare invent all those clich√©s? And how can he be stopped?! 
#BookLoversDay https://t.co/sCmnhZiv4G",19,@BBC
0.4939,Thu Aug 09 13:01:04 +0000 2018,0.0,0.862,0.138,"ü§ò Think you're too old for moshing? 

Spare a thought for the two elderly men who escaped a German care home and we‚Ä¶ https://t.co/G3D6xPG9Az",20,@BBC
0.3612,Thu Aug 09 12:02:04 +0000 2018,0.0,0.783,0.217,Imagine what life would be like without fossil fuels. https://t.co/yxpDahGwms,21,@BBC
0.0,Thu Aug 09 11:01:07 +0000 2018,0.0,1.0,0.0,"ü•ó Thinking of going vegetarian?

Here are a few facts and nutritional tips to get you started.
üëâ‚Ä¶ https://t.co/P4ycKKb7t5",22,@BBC
0.5859,Thu Aug 09 10:21:23 +0000 2018,0.0,0.847,0.153,"RT @bbcnewcomedy18: Meet the acts taking part in our LIVE final, this Sunday at 6.15pm on @BBCRadio4, hosted by the brilliant @watsoncomedi‚Ä¶",23,@BBC
0.0,Thu Aug 09 09:50:32 +0000 2018,0.0,1.0,0.0,"üìö Ever fancied running your own bookshop? 
#BookLoversDay https://t.co/vCRAppVsZv",24,@BBC
-0.4767,Thu Aug 09 09:19:37 +0000 2018,0.205,0.795,0.0,"üìñüò≠ David Thewlis's dramatic reading of #HarryPotter will make you cry. 
#BookLoversDay https://t.co/B38aew9Bv3",25,@BBC
0.6696,Thu Aug 09 09:14:49 +0000 2018,0.0,0.83,0.17,"RT @BBCR1: What an incredible six years it's been!

Here's a handful of the best bits from The Radio 1 Breakfast Show with @grimmers - than‚Ä¶",26,@BBC
0.0,Thu Aug 09 09:03:04 +0000 2018,0.0,1.0,0.0,RT @BBCFOUR: Did you start reading with Ladybird books? Which one was your favourite? üêû #BookLoversDay https://t.co/eyne318ZQ6,27,@BBC
-0.296,Thu Aug 09 08:01:04 +0000 2018,0.355,0.645,0.0,No animal deserves this üòî https://t.co/CrOeon80ZD,28,@BBC
0.2023,Thu Aug 09 07:30:12 +0000 2018,0.138,0.65,0.211,"üêå Created from the desiccated glands of sea snails, the colour purple has some pretty disgusting origins. 

üëë How d‚Ä¶ https://t.co/BdoXM4gvkJ",29,@BBC
0.0,Thu Aug 09 07:01:06 +0000 2018,0.0,1.0,0.0,"üì± ‚â† üì∏
Why mobile phone photos will never be 'real' photography. https://t.co/Vq01xjavlh",30,@BBC
0.0,Wed Aug 08 18:01:03 +0000 2018,0.0,1.0,0.0,"üò®ü¶ñ Imagine coming face to face with this giant animatronic dinosaur! 
#WalkingWithDinosaurs https://t.co/cL5z3xQTwc",31,@BBC
0.0,Wed Aug 08 17:31:05 +0000 2018,0.0,1.0,0.0,"""Literally two days before, I was sitting in the middle of the staff room putting the battery in the defibrillator.‚Ä¶ https://t.co/Ly6SrStA8c",32,@BBC
0.5859,Wed Aug 08 16:04:07 +0000 2018,0.0,0.758,0.242,‚ù§Ô∏è This mum wrote an emotional poem about caring for her daughter with mental health issues. https://t.co/wMi9iBZY47,33,@BBC
0.4404,Wed Aug 08 13:03:04 +0000 2018,0.0,0.854,0.146,"More women than ever are ditching the pill and condoms in favour of ""long-acting reversible contraceptives"", includ‚Ä¶ https://t.co/l5wi0DBz4t",34,@BBC
0.0,Wed Aug 08 12:11:04 +0000 2018,0.0,1.0,0.0,"RT @BBCOne: We all have to choose sides. 

@Misskeeleyhawes and @_richardmadden star in #Bodyguard, a new drama from Line of Duty writer @j‚Ä¶",35,@BBC
0.0,Wed Aug 08 12:00:21 +0000 2018,0.0,1.0,0.0,‚òïÔ∏è The debate that has plagued us all for years... https://t.co/uXD5FKliP9,36,@BBC
0.8779,Wed Aug 08 11:21:04 +0000 2018,0.0,0.627,0.373,"üèùüçπ‚òÄÔ∏è How to win at holidays.
Travel experts tell us how to hack your way to beachside bliss.
üëâ‚Ä¶ https://t.co/iSrzbdv2QY",37,@BBC
0.3612,Wed Aug 08 10:58:41 +0000 2018,0.0,0.839,0.161,RT @BBCBreakfast: Vicki is incredible. We should all have an outlook like Vicki. üëè https://t.co/UNMB6p5hTD,38,@BBC
-0.4118,Wed Aug 08 10:41:47 +0000 2018,0.133,0.867,0.0,"üî•üå™ Firefighters have captured footage of this fire tornado - or ""firenado"". 
 It happens when winds mix with smoke‚Ä¶ https://t.co/GMM9hUCXlZ",39,@BBC
0.0,Wed Aug 08 10:02:06 +0000 2018,0.0,1.0,0.0,"üí¶üò∫This is Maya the jaguar's very first swim! 
#InternationalCatDay https://t.co/IacZP3ltf3",40,@BBC
0.8555,Wed Aug 08 09:44:56 +0000 2018,0.0,0.657,0.343,"RT @bbcstories: ""They deserve to be happy"" 

This is what it‚Äôs like to care for a child with mental health issues. https://t.co/7eaD5eQX5p",41,@BBC
0.0,Wed Aug 08 09:38:23 +0000 2018,0.0,1.0,0.0,RT @BBCTheOneShow: Hayley Atwell‚Äôs ventriloquist skills are next level! üò± https://t.co/4MfoyraHyr,42,@BBC
0.0,Wed Aug 08 09:37:13 +0000 2018,0.0,1.0,0.0,RT @BBCTheOneShow: That awks moment when Hayley Atwell used her gym bra for a hanky on stage. üé≠üò≥ https://t.co/L6KH4RZ2I1,43,@BBC
0.0,Wed Aug 08 09:04:34 +0000 2018,0.0,1.0,0.0,"üòº Africa's smallest cat is also the world's deadliest. 
#InternationalCatDay https://t.co/DP9KPy0oMp",44,@BBC
0.4404,Wed Aug 08 09:01:33 +0000 2018,0.0,0.873,0.127,"RT @cbbc: The final series of ChuckleVision is now available on @BBCiPlayer: https://t.co/snbrqrxH4R

From us, to you üíõ

Thanks for all the‚Ä¶",45,@BBC
0.0,Wed Aug 08 08:02:04 +0000 2018,0.0,1.0,0.0,"Painting a different picture of homelessness. 
(via @BBCThree) https://t.co/hPeSJggWDe",46,@BBC
0.2724,Wed Aug 08 07:27:05 +0000 2018,0.0,0.901,0.099,New research has found that some of us are especially good judges of character... but only in specific circumstance‚Ä¶ https://t.co/2xkNx7VRBZ,47,@BBC
0.5267,Wed Aug 08 07:00:01 +0000 2018,0.073,0.73,0.197,"Each year in the UK, the number of plastic straws from fast food meals alone could stretch the Great Wall of China‚Äô‚Ä¶ https://t.co/zd4RMEF1PD",48,@BBC
0.0,Tue Aug 07 19:02:03 +0000 2018,0.0,1.0,0.0,"Scientists reveal the wonders of Jupiter, using information from @NASA's Juno mission. üöÄ‚ú®

Horizon: Jupiter Reveale‚Ä¶ https://t.co/yZ0UQjp82Q",49,@BBC
-0.3612,Tue Aug 07 18:02:05 +0000 2018,0.215,0.639,0.146,Ever wondered if your teeny tiny adorable cat is actually trying to kill you? ü§∑‚Äç‚ôÄÔ∏èüòº https://t.co/FyonKEdYPp,50,@BBC
0.0,Tue Aug 07 17:31:06 +0000 2018,0.0,1.0,0.0,These dog cakes are unsettlingly realistic... üê∂üò≤ https://t.co/pZNff7c1em https://t.co/6RJs6kXkBK,51,@BBC
0.0,Tue Aug 07 16:00:01 +0000 2018,0.0,1.0,0.0,"üòç The geometric patterns of Jupiter's polar storms are incredible. 

#Horizon: Jupiter Revealed | 9pm | @BBCTwo https://t.co/vFNTJEclKU",52,@BBC
0.0,Tue Aug 07 14:00:07 +0000 2018,0.0,1.0,0.0,"üìö Your SQA results day survival guide. 
üëâ https://t.co/z1W70i38kd

#ExamResults https://t.co/3z6vvCxRQl",53,@BBC
0.2263,Tue Aug 07 13:01:06 +0000 2018,0.0,0.909,0.091,"Under a new system called ""Max's Law"", adults in England will be presumed to consent to donating their organs unles‚Ä¶ https://t.co/vmZT9tQuh9",54,@BBC
0.0,Tue Aug 07 12:03:04 +0000 2018,0.0,1.0,0.0,"""I'm the first Somali male model in Finland""

Zakarie Ali moved to Finland aged 3. Now, he's using his modelling ca‚Ä¶ https://t.co/QLpaLnM4t9",55,@BBC
0.3291,Tue Aug 07 11:02:04 +0000 2018,0.0,0.865,0.135,"Everyone loves fried potato, but can Belgium claim ownership of the French fry?  üáßüá™üçüüá´üá∑
 https://t.co/zllgYOw5Vb https://t.co/kJmiu0ZFWo",56,@BBC
0.1255,Tue Aug 07 08:03:02 +0000 2018,0.089,0.801,0.11,"""If it was your family then you wouldn't like it"". üíîüêò

Meet the schoolgirl who wants to protect endangered elephant‚Ä¶ https://t.co/z6RtcX2FFu",57,@BBC
0.3612,Tue Aug 07 07:31:07 +0000 2018,0.0,0.894,0.106,"Do you recycle yoghurt pots and ready meal trays? üóë‚ôªÔ∏è

It's emerged that most of the plastic food containers that w‚Ä¶ https://t.co/Rr4S2SwdQf",58,@BBC
0.0,Tue Aug 07 07:01:05 +0000 2018,0.0,1.0,0.0,"‚úèÔ∏è This is what happened when body activists @SofieHagen and @theslumflower drew each other... 

https://t.co/I1Xh3q8KSz",59,@BBC
-0.128,Mon Aug 06 19:03:02 +0000 2018,0.164,0.697,0.139,"Tonight, @kdbrundell uncovers the true story of Elizabethan children kidnapped for the stage. 

Abducted - Elizabet‚Ä¶ https://t.co/uTxBUH4iGV",60,@BBC
0.3612,Mon Aug 06 18:01:05 +0000 2018,0.148,0.604,0.248,"""No chain... he is free.""

üêª A heartrending story with a happy ending. https://t.co/0YjmUMBJGg",61,@BBC
0.6696,Mon Aug 06 17:38:11 +0000 2018,0.0,0.743,0.257,RT @BBCTwo: Raise a goblet to the best of the inimitable #MonChevy! ‚ù§Ô∏èüá´üá∑ #Versailles https://t.co/fcY91r5O3y,62,@BBC
0.2144,Mon Aug 06 16:03:06 +0000 2018,0.0,0.919,0.081,"Kyle dreams of being a hairdresser but one of his hands didn't develop properly in the womb. 

‚úÇÔ∏è Can Judge from Th‚Ä¶ https://t.co/tVRHz1Ayjl",63,@BBC
0.1027,Mon Aug 06 15:05:06 +0000 2018,0.113,0.755,0.132,"These lucky seals have avoided becoming an orca meal by crowding onto a rock in Pentland Firth, Scotland. https://t.co/hjlBOJ64li",64,@BBC
0.6249,Mon Aug 06 12:59:07 +0000 2018,0.0,0.76,0.24,"üòçüê¥ Donkeys are wearing snazzy trousers and we think they look great.
üëâ https://t.co/ywGVbx8ELc https://t.co/2KErCznfT8",65,@BBC
0.0,Mon Aug 06 12:01:07 +0000 2018,0.0,1.0,0.0,"ü¶Ä When it comes to boxing crabs, the gloves are off!
#AnimalsBehavingBadly https://t.co/vvJ2M41s8e",66,@BBC
0.0258,Mon Aug 06 11:41:08 +0000 2018,0.0,0.958,0.042,RT @BBCBreakfast: Jake is one of only ten Brits to reach the summit of the world's second highest mountain... Check out what he did when he‚Ä¶,67,@BBC
0.4753,Mon Aug 06 11:21:55 +0000 2018,0.102,0.693,0.204,"RT @bbc5live: Meet Mojo!
 
The first police dog on the scene of the Manchester Arena attack has been awarded for his bravery.
 
Now, after‚Ä¶",68,@BBC
-0.4215,Mon Aug 06 11:02:04 +0000 2018,0.123,0.877,0.0,üë∞ An American woman has spoken of her dismay after being sacked from her role as bridesmaid prompting others to sha‚Ä¶ https://t.co/FGpnAof79D,69,@BBC
0.0,Mon Aug 06 10:29:46 +0000 2018,0.0,1.0,0.0,RT @bbcarts: Art detectives Fiona Bruce and @philipmould are back! #FakeorFortune returns to @BBCOne on Sunday 12 August. https://t.co/ukM4‚Ä¶,70,@BBC
-0.128,Mon Aug 06 08:00:14 +0000 2018,0.185,0.662,0.152,The amount of plastic waste in the Pacific Ocean is huge. https://t.co/JUYaXXTmX3,71,@BBC
0.0,Mon Aug 06 07:27:03 +0000 2018,0.0,1.0,0.0,"Six in 10 kidney donors are women ‚Äì but some 6 in 10 recipients are men. 

This may have health consequences for bo‚Ä¶ https://t.co/sdVCZ4wQFL",72,@BBC
0.0,Mon Aug 06 07:00:08 +0000 2018,0.0,1.0,0.0,"üçì‚ù§Ô∏è Strawberry Fields Forever.

This former children's home will become a training hub for young people with disabi‚Ä¶ https://t.co/SOJqX9c2ac",73,@BBC
0.5106,Sun Aug 05 19:03:06 +0000 2018,0.0,0.602,0.398,üôå @SethMacFarlane is one talented guy. https://t.co/TrFj6ZN1VV,74,@BBC
0.8126,Sun Aug 05 18:16:03 +0000 2018,0.0,0.625,0.375,"Based on a true heartwarming story, starring Meryl Streep and Hugh Grant. 

Florence Foster Jenkins | 8:15pm |‚Ä¶ https://t.co/312zYQaCZE",75,@BBC
0.0,Sun Aug 05 17:03:06 +0000 2018,0.0,1.0,0.0,ü§ñ We‚Äôre at the point where AI can take on mundane household tasks ‚Äì if slowly. And the implications of this technol‚Ä¶ https://t.co/3ZMBwEJa7d,76,@BBC
-0.1027,Sun Aug 05 16:01:07 +0000 2018,0.123,0.877,0.0,"How can someone work, pay taxes and still be homeless? https://t.co/rCpmM5ybZl",77,@BBC
0.0,Sun Aug 05 15:01:04 +0000 2018,0.0,1.0,0.0,"Standing out without standing up. 
(via @BBCThree) https://t.co/Aj7NXlFAq2",78,@BBC
0.4588,Sun Aug 05 14:07:06 +0000 2018,0.0,0.75,0.25,üò≤ Add Vietnam's breathtaking Golden Bridge to your bucket list. https://t.co/ZOQGb7LvZ4,79,@BBC
0.0,Sun Aug 05 13:02:03 +0000 2018,0.0,1.0,0.0,üî≠ The black hole at the centre of our galaxy has helped astronomers confirm a key prediction of Albert Einstein's i‚Ä¶ https://t.co/2K8gIbAFQf,80,@BBC
-0.6597,Sun Aug 05 12:01:08 +0000 2018,0.216,0.784,0.0,"üçΩ Are online bookings killing restaurants?

According to some estimates, 'no-shows' account for 5-20% of total rest‚Ä¶ https://t.co/PLU5VzHVIV",81,@BBC
0.0,Sun Aug 05 11:04:07 +0000 2018,0.0,1.0,0.0,"BLOOPERS! 
@ProfBrianCox can't tell his hominins from his hominids. Or possibly the other way around. https://t.co/tMtcUiyfED",82,@BBC
0.6486,Sun Aug 05 10:33:07 +0000 2018,0.0,0.629,0.371,"RT @bbccomedy: RIP dear Barry Chuckle. Here's to you. ‚ù§Ô∏è

https://t.co/rSwjoRcPAZ",83,@BBC
0.128,Sun Aug 05 10:14:22 +0000 2018,0.204,0.543,0.252,"Barry Chuckle, one half of the comedy duo the Chuckle Brothers, has died aged 73 after a short period of ill health‚Ä¶ https://t.co/bsG0GOtdTJ",84,@BBC
0.0,Sun Aug 05 10:06:03 +0000 2018,0.0,1.0,0.0,üìñüëÄ Meet the boy who has written a book with his eyes. https://t.co/j7TmFadeQk,85,@BBC
0.6124,Sun Aug 05 09:02:05 +0000 2018,0.0,0.739,0.261,"üìö From a novel within a novel to a surreal thriller set in Cuba, here are 10 books to read in August.
üëâ‚Ä¶ https://t.co/4RaFMSpIUN",86,@BBC
0.5994,Sun Aug 05 08:03:03 +0000 2018,0.0,0.782,0.218,ü§∏ Christine Van Loo is an acro-gymnastics champion who has choreographed routines for Britney Spears. https://t.co/RlBwN5AnNZ,87,@BBC
0.0,Sun Aug 05 07:02:03 +0000 2018,0.0,1.0,0.0,"‚òÄÔ∏èüèù New to #DesertIslandDiscs? 

Here‚Äôs where to start‚Ä¶
üëâ https://t.co/UrrPpwbdV9 https://t.co/ufjJJaY28m",88,@BBC
0.5562,Sat Aug 04 19:06:08 +0000 2018,0.0,0.736,0.264,"Now this is an impressive line-up!

Watch #LeadingLadyParts on @BBCiPlayer https://t.co/CLzcEFNtYl",89,@BBC
0.5106,Sat Aug 04 18:10:03 +0000 2018,0.0,0.809,0.191,"Gin and tonic are a match made in heaven. 
So, how did they come together? https://t.co/9fXOpnWpgZ",90,@BBC
0.0,Sat Aug 04 17:03:07 +0000 2018,0.0,1.0,0.0,"When online fandom becomes toxic.
üëâ https://t.co/qccSNcTi0l https://t.co/j6dJARWqBA",91,@BBC
-0.4215,Sat Aug 04 16:07:05 +0000 2018,0.135,0.865,0.0,"‚ôªÔ∏èüóë Ever thought about where the waste you produce ends up after you get rid of it? 
#NoWasteMan https://t.co/axNWRfISmH",92,@BBC
0.5106,Sat Aug 04 15:05:06 +0000 2018,0.0,0.829,0.171,"üì∏ The face behind a stock image. 

How one woman unwittingly gave away her face for free. 
üëâ https://t.co/LGZo1FHl5U https://t.co/fNmn2nkfDD",93,@BBC
0.5697,Sat Aug 04 14:06:06 +0000 2018,0.184,0.433,0.383,"The pika is most definitely the world's cutest thief!
#AnimalsBehavingBadly https://t.co/v8dSKoVYgD",94,@BBC
0.0,Sat Aug 04 13:19:26 +0000 2018,0.0,1.0,0.0,RT @bbcthree: Painting a different picture of homelessness. https://t.co/xQnRSb9FYE,95,@BBC
0.5719,Sat Aug 04 13:19:04 +0000 2018,0.0,0.748,0.252,"RT @BBCWorld: #ThaiCaveRescue: Boys and rescuers celebrated in art üêóüíô

https://t.co/O34VRnrC9y https://t.co/r2X4Gx7YEB",96,@BBC
0.0,Sat Aug 04 13:04:05 +0000 2018,0.0,1.0,0.0,‚úä Cindy Whitehead was one of the first female pro skateboarders in the 70s riding vertical inclines. https://t.co/8x58hjAuQd,97,@BBC
0.34,Sat Aug 04 12:10:17 +0000 2018,0.0,0.745,0.255,RT @BBCNewsNI: The history of Belfast Pride. https://t.co/WGLq9rDRmB,98,@BBC
-0.4588,Sat Aug 04 12:05:02 +0000 2018,0.364,0.636,0.0,"Retroactive jealousy: Obsessed with my partner‚Äôs past.
üëâ https://t.co/9fx6yhDCOL https://t.co/lUZSCbGG3L",99,@BBC
0.0,Fri Aug 10 19:59:14 +0000 2018,0.0,1.0,0.0,"RT @TrueCrimeCBS: When Glenn Walp and Steve Doran uncovered theft at the Los Alamos National Laboratory, they HAD to blow their whistles. W‚Ä¶",0,@CBS
0.6696,Thu Aug 09 21:00:00 +0000 2018,0.0,0.745,0.255,Want to create your own @CBSBigBrother or @TKOCBS meme using one the photos here? It‚Äôs your lucky day! Head over to‚Ä¶ https://t.co/JHJWykNkQT,1,@CBS
0.7901,Thu Aug 09 18:47:00 +0000 2018,0.0,0.72,0.28,Time to celebrate! Your favorite Daytime shows will premiere with new seasons this fall. See all of the @CBSDaytime‚Ä¶ https://t.co/GNkK4Zf2kD,2,@CBS
0.6696,Wed Aug 08 16:05:11 +0000 2018,0.0,0.791,0.209,"Love is in the air, and the water! International smash hit #LoveIsland is coming to CBS. https://t.co/nepabuNoSU https://t.co/Cxgvkv463u",3,@CBS
0.0,Tue Aug 07 16:06:57 +0000 2018,0.0,1.0,0.0,The Executive Producers of @CBSBigBrother are teaming up with @KingJames and @MavCarter for an unprecedented televi‚Ä¶ https://t.co/V88bDeHmQs,4,@CBS
0.3612,Mon Aug 06 00:20:55 +0000 2018,0.0,0.889,0.111,"RT @cbsallaccess: Executive Producer of Tell Me A Story, @kevwilliamson, says ""What I like about the show, there‚Äôs nothing else on TV like‚Ä¶",5,@CBS
0.5411,Mon Aug 06 00:07:38 +0000 2018,0.098,0.683,0.219,RT @TheNeighborhood: Feel the love in this new teaser for #TheNeighborhood from the #CBS #TCA18! ü§ó https://t.co/rPmCozH5XP,6,@CBS
0.3818,Mon Aug 06 00:02:58 +0000 2018,0.0,0.894,0.106,RT @TheNeighborhood: Find out why Cedric the Entertainer and the cast think #TheNeighborhood is the kind of show that everyone can relate t‚Ä¶,7,@CBS
0.5093,Mon Aug 06 00:02:02 +0000 2018,0.0,0.845,0.155,That's all for our #CBS #TCA18 panels! Tune in this fall to watch all your favorite new shows. üôå https://t.co/hM85o9eRi8,8,@CBS
0.0,Sun Aug 05 23:58:41 +0000 2018,0.0,1.0,0.0,"RT @MagnumPICBS: ""If there was ever a time to bring back #MagnumPI, it's now."" - @PLenkov 
#CBS #TCA2018",9,@CBS
0.8316,Sun Aug 05 23:44:39 +0000 2018,0.0,0.694,0.306,"RT @MagnumPICBS: ""There are a lot of easter eggs from the original that fans from the original series will love, and they're peppered throu‚Ä¶",10,@CBS
0.0,Sun Aug 05 23:41:21 +0000 2018,0.0,1.0,0.0,"RT @MagnumPICBS: ""What we are trying to do is introduce the show to a new audience...it's going to open it up for anyone that's new and the‚Ä¶",11,@CBS
0.5994,Sun Aug 05 23:35:49 +0000 2018,0.0,0.843,0.157,"RT @MagnumPICBS: ""This has been my white whale since I was a kid. I always loved #MagnumPI. Putting words in Magnum's mouth is something I'‚Ä¶",12,@CBS
0.0,Sun Aug 05 23:35:46 +0000 2018,0.0,1.0,0.0,RT @MagnumPICBS: It's #MagnumPI time at the #CBS #TCA2018! Follow along as we live tweet the panel!,13,@CBS
0.5826,Sun Aug 05 23:16:25 +0000 2018,0.0,0.827,0.173,RT @happytogether: Thanks for following along! That concludes the #HappyTogether panel at the #CBS #TCA2018! @MagnumPICBS is up next!,14,@CBS
-0.5093,Sun Aug 05 23:12:39 +0000 2018,0.202,0.798,0.0,"RT @happytogether: Question: Even though you're not playing @Harry_Styles, did you do a Harry crash course?
@itsfelixwot: Absolutely not. C‚Ä¶",15,@CBS
0.0,Sun Aug 05 23:10:20 +0000 2018,0.0,1.0,0.0,"RT @happytogether: ""The show is about marriage, it's about getting a bit older, it's about youthfulness, it's about something happening and‚Ä¶",16,@CBS
0.6041,Sun Aug 05 23:05:58 +0000 2018,0.0,0.775,0.225,"RT @happytogether: ""It's always good to have a little bit of truth in whatever you're making.""- @wayansjr 

#HappyTogether #CBS #TCA2018",17,@CBS
0.3802,Sun Aug 05 23:01:25 +0000 2018,0.0,0.853,0.147,"RT @happytogether: ""I thought I was still young and cool until I met @itsfelixwot!"" -@AmberoniStevens #HappyTogether #CBS #TCA2018",18,@CBS
-0.2057,Sun Aug 05 22:58:41 +0000 2018,0.083,0.917,0.0,"RT @happytogether: ""We never wanted to create a show where people think ""Oh, did @Harry_Styles do that?"" -@benwinston on emphasizing that #‚Ä¶",19,@CBS
0.0,Sun Aug 05 22:58:36 +0000 2018,0.0,1.0,0.0,RT @happytogether: .@wayansjr is quick to point out that the characters in #HappyTogether are fictional. #CBS #TCA2018,20,@CBS
-0.0572,Sun Aug 05 22:53:12 +0000 2018,0.064,0.936,0.0,"RT @happytogether: ""@Harry_Styles became part of the family. We didn't want him to move out."" -@benwinston #CBS #HappyTogether #TCA18",21,@CBS
-0.3612,Sun Aug 05 22:52:24 +0000 2018,0.121,0.82,0.059,"RT @happytogether: ""It's about Cooper who wants nothing but normality and a boring life, and Jake and Claire, who want more excitement."" -@‚Ä¶",22,@CBS
0.4939,Sun Aug 05 22:49:06 +0000 2018,0.0,0.862,0.138,"RT @happytogether: ""It's loosely inspired (by the time @Harry_Styles lived with @benwinston), because if we put what actually happened on t‚Ä¶",23,@CBS
0.0,Sun Aug 05 22:46:49 +0000 2018,0.0,1.0,0.0,RT @happytogether: It's time for the #HappyTogether panel at the #CBS #TCA18! Follow along here!,24,@CBS
0.4926,Sun Aug 05 22:32:37 +0000 2018,0.0,0.825,0.175,RT @GodFriendedMe: Thanks for following along during the #GodFriendedMe panel at #CBS #TCA18‚Äî@HappyTogether is up next!,25,@CBS
0.2732,Sun Aug 05 22:32:30 +0000 2018,0.0,0.877,0.123,"RT @GodFriendedMe: ""You don't have to believe in God to believe in good."" üôå@JOEtheMORTON¬†#GodFriendedMe #CBS",26,@CBS
0.2716,Sun Aug 05 22:16:36 +0000 2018,0.0,0.905,0.095,RT @GodFriendedMe: ‚ÄúIt‚Äôs incredibly important to us that we‚Äôre not a show that‚Äôs preachy or judgmental. Whether you believe or don‚Äôt believ‚Ä¶,27,@CBS
-0.4973,Sun Aug 05 22:16:29 +0000 2018,0.133,0.867,0.0,"RT @GodFriendedMe: ""Our feet are on the ground. Our characters are not angels, they‚Äôre not heavenly, they‚Äôre just real people. The 'opposin‚Ä¶",28,@CBS
0.0,Sun Aug 05 22:16:19 +0000 2018,0.0,1.0,0.0,RT @GodFriendedMe: Follow along with us as we live-tweet the #GodFriendedMe panel at #CBS #TCA18 with stars @hall_m_brandon @violettbeane @‚Ä¶,29,@CBS
-0.4019,Sun Aug 05 22:05:44 +0000 2018,0.114,0.886,0.0,"RT @cbsallaccess: From the writer of Scream, The Vampire Diaries and The Following, comes a modern day twist on classic fairy tales. 

#Tel‚Ä¶",30,@CBS
-0.6908,Sun Aug 05 22:00:47 +0000 2018,0.207,0.793,0.0,"RT @cbsallaccess: Small town. Big murder. Follow the Money. 

#OneDollar premieres August 30, exclusively on CBS All Access. https://t.co/T‚Ä¶",31,@CBS
0.0,Sun Aug 05 21:48:41 +0000 2018,0.0,1.0,0.0,RT @cbsallaccess: That's a wrap on the #TellMeAStory panel! @GodFriendedMe is up next! #TCA18 #CBSAllAccess,32,@CBS
0.8555,Sun Aug 05 21:48:36 +0000 2018,0.0,0.714,0.286,"RT @cbsallaccess: ""What I love about New York City - besides being the best city in the world - it's textural, it's real, it has everything‚Ä¶",33,@CBS
0.5994,Sun Aug 05 21:48:29 +0000 2018,0.0,0.766,0.234,RT @cbsallaccess: Who's ready to see @KimCattrall play @daniellemcam's (AKA Little Red Riding Hood) grandmother? #TellMeAStory #TCA18 #CBSA‚Ä¶,34,@CBS
0.6124,Sun Aug 05 21:31:15 +0000 2018,0.0,0.792,0.208,"RT @cbsallaccess: ""What I like about this show is that there's nothing else on TV like it right now."" -@kevwilliamson #TellMeAStory #TCA18‚Ä¶",35,@CBS
-0.2748,Sun Aug 05 20:58:52 +0000 2018,0.153,0.742,0.105,"RT @MurphyBrownCBS: According to Candice Bergen and Diane English, there's never been a more perfect time to revive #MurphyBrown! https://t‚Ä¶",36,@CBS
0.0,Sun Aug 05 20:56:17 +0000 2018,0.0,1.0,0.0,"RT @MurphyBrownCBS: #MurphyBrown has always been a political show, and that won't change! Read on about how the show plans to cover hot top‚Ä¶",37,@CBS
-0.4588,Sun Aug 05 20:10:33 +0000 2018,0.125,0.875,0.0,"RT @FBICBS: ""People are going to get a very realistic view of how that office operates and the stresses. It's a zero-tolerance FBI office.‚Ä¶",38,@CBS
0.0,Sun Aug 05 19:43:38 +0000 2018,0.0,1.0,0.0,Stay tuned for more #CBS #TCA18 action! The @cbsallaccess panel is up next. üëçüèº https://t.co/fcjiEwpaN0,39,@CBS
0.0,Sun Aug 05 19:22:22 +0000 2018,0.0,1.0,0.0,"RT @FBICBS: #FBIFam, this should cure your #SundayScaries! Check out the #FBI preview that was shown at the #CBS #TCA18 before the panel. h‚Ä¶",40,@CBS
0.6249,Sun Aug 05 19:21:28 +0000 2018,0.0,0.796,0.204,"RT @TheNeighborhood: ""Once we shot the pilot, we knew that we had a great show."" -@CedEntertainer #TheNeighborhood #CBS",41,@CBS
0.1384,Sun Aug 05 19:16:45 +0000 2018,0.079,0.823,0.098,"RT @TheNeighborhood: ""It was so well done, as far as I was concerned, that it became a no brainer to do the show. I called the next morning‚Ä¶",42,@CBS
0.0,Sun Aug 05 19:15:53 +0000 2018,0.0,1.0,0.0,"RT @TheNeighborhood: ""This is a show about people. This is a show about families, neighbors, friendships... At its core, this is a show abo‚Ä¶",43,@CBS
0.4588,Sun Aug 05 18:54:24 +0000 2018,0.0,0.818,0.182,"RT @TheNeighborhood: We're here at the #CBS #TCA18 giving you the inside scoop on #TheNeighborhood with our stars @CedEntertainer, @Tichina‚Ä¶",44,@CBS
0.0,Sun Aug 05 18:01:09 +0000 2018,0.0,1.0,0.0,RT @MurphyBrownCBS: That's a wrap on the #MurphyBrown panel at #TCA18! @TheNeighborhood is up next! #CBS,45,@CBS
0.0,Sun Aug 05 17:55:07 +0000 2018,0.0,1.0,0.0,"RT @MurphyBrownCBS: Diane English reveals ""We have an enormously famous person in our first episode,"" but keeps the secret under wraps! üôä #‚Ä¶",46,@CBS
0.0,Sun Aug 05 17:51:13 +0000 2018,0.0,1.0,0.0,"RT @MurphyBrownCBS: Diane English talks about how to stay topically relevant while writing scripts ahead of time &amp; also said, ""We have an i‚Ä¶",47,@CBS
0.0,Sun Aug 05 17:47:01 +0000 2018,0.0,1.0,0.0,RT @MurphyBrownCBS: All the feels! ‚ù§Ô∏è #MurphyBrown returns to #CBS this fall! https://t.co/OvQk3CV49W,48,@CBS
-0.0018,Sun Aug 05 17:39:48 +0000 2018,0.074,0.853,0.073,"RT @MurphyBrownCBS: ""It's been very emotional for the old guys... We saw Murphy's townhouse and we all got tears in our eyes."" -Candice Ber‚Ä¶",49,@CBS
0.0,Sun Aug 05 17:28:37 +0000 2018,0.0,1.0,0.0,"Stay tuned, because @MurphyBrownCBS is up next at the #CBS #TCA18! https://t.co/0qdjQiFrwW",50,@CBS
-0.0602,Sun Aug 05 17:28:03 +0000 2018,0.219,0.599,0.182,"RT @FBICBS: ‚ÄúEven though I was scared to say yes, it was so clear you don‚Äôt say no. I knew I couldn‚Äôt say no. I couldn‚Äôt be more grateful,‚Ä¶",51,@CBS
0.1761,Sun Aug 05 17:27:46 +0000 2018,0.105,0.735,0.16,"RT @FBICBS: What's it like for @JeremySisto coming back to a Dick Wolf show?

""It's one of the most stable ships you can be on... It's exci‚Ä¶",52,@CBS
0.1027,Sun Aug 05 17:27:41 +0000 2018,0.11,0.767,0.123,"RT @FBICBS: ""We're celebrating the troops on the ground... There are endless stories in there."" - Dick Wolf on why he wanted to focus the s‚Ä¶",53,@CBS
0.0498,Sun Aug 05 17:27:31 +0000 2018,0.123,0.746,0.13,"RT @FBICBS: ‚ÄúIt‚Äôs really exciting to be here for the first time in a long, long, long, long time.‚Äù - Dick Wolf #CBS #TCA18",54,@CBS
0.6114,Sun Aug 05 14:47:12 +0000 2018,0.0,0.818,0.182,Celebrate #NationalSistersDay with an iconic group of sisters! Watch how these three became part of The Brady Bunch‚Ä¶ https://t.co/nBVjxl4AbP,55,@CBS
0.2263,Sat Aug 04 22:57:37 +0000 2018,0.0,0.917,0.083,RT @startrekcbs: Executive Producer Alex Kurtzman and @SirPatStew surprised fans today at #STLV with news that he will be returning to the‚Ä¶,56,@CBS
0.0,Sat Aug 04 00:24:55 +0000 2018,0.0,1.0,0.0,Watching a üíØ spin on @PriceIsRight never gets old‚Ä¶especially when it‚Äôs Mila Kunis! https://t.co/NPOukc3jPz,57,@CBS
0.6124,Fri Aug 03 22:34:08 +0000 2018,0.0,0.76,0.24,"RT @TrueCrimeCBS: The chances of successfully blowing the whistle are slim, but did a Wells Fargo personal banker beat the odds?

Find out‚Ä¶",58,@CBS
0.9098,Tue Jul 31 21:02:33 +0000 2018,0.0,0.531,0.469,Celebrate #NationalAvocadoDay with @letsmakeadeal. ü•ë Relive this #LMAD moment when an avocado wins one amazing deal! https://t.co/QS8GLajWU5,59,@CBS
0.34,Sat Jul 28 16:43:56 +0000 2018,0.0,0.876,0.124,"Housewives. PTA moms. School volunteers. Starting TONIGHT, hear the stories of seemingly innocent women who put it‚Ä¶ https://t.co/5TA15OiTuh",60,@CBS
0.5707,Wed Jul 25 17:25:36 +0000 2018,0.0,0.813,0.187,"This is one allowance that can‚Äôt be beat! Kids are winning big this week on @PriceIsRight. üéâ
 https://t.co/lncKu9XvNo",61,@CBS
0.0,Wed Jul 25 15:12:31 +0000 2018,0.0,1.0,0.0,"Renowned artists Cher, Philip Glass, Reba McEntire, Wayne Shorter, and the co-creators of #Hamilton will be recogni‚Ä¶ https://t.co/PEjjI9MKE1",62,@CBS
0.34,Wed Jul 25 01:05:03 +0000 2018,0.0,0.882,0.118,Who's excited for the return of @MurphyBrownCBS? Here's a behind-the-scenes look at the first table read of the sea‚Ä¶ https://t.co/1B5S4WJnCW,63,@CBS
-0.1511,Tue Jul 24 18:54:14 +0000 2018,0.099,0.834,0.068,"Mark your calendars because you won‚Äôt want to miss this! Former Secretaries of State @HillaryClinton, @Madeleine, a‚Ä¶ https://t.co/JKDPp97OqN",64,@CBS
0.8293,Mon Jul 23 21:30:33 +0000 2018,0.0,0.66,0.34,The cast couldn‚Äôt be more excited to welcome @ansonmount into the @startrekcbs family! Who‚Äôs ready to see the iconi‚Ä¶ https://t.co/fOS4f4VCb2,65,@CBS
0.128,Sun Jul 22 01:56:13 +0000 2018,0.0,0.927,0.073,RT @startrekcbs: Stream the full panel &amp; learn all the exclusive details revealed about season 2 of #StarTrekDiscovery at @Comic_Con: https‚Ä¶,66,@CBS
-0.296,Sat Jul 21 00:55:28 +0000 2018,0.109,0.891,0.0,RT @MagnumPICBS: Couldn't make it to San Diego for the #MagnumPI panel? Here's everything you missed at #SDCC2018: https://t.co/Z7IBqF1YJ8‚Ä¶,67,@CBS
-0.296,Sat Jul 21 00:19:12 +0000 2018,0.109,0.891,0.0,RT @bigbangtheory: The #BigBangTheory writers teased a honeymoon episode and more @YoungSheldon characters in Season 12 while speaking at #‚Ä¶,68,@CBS
-0.7964,Sat Jul 21 00:10:00 +0000 2018,0.264,0.736,0.0,"RT @TrueCrimeCBS: When you find out you‚Äôve been treated with chemo, but you don‚Äôt have cancer. #Whistleblower https://t.co/DAKwu1vcNX",69,@CBS
-0.6597,Fri Jul 20 23:44:54 +0000 2018,0.18,0.82,0.0,George blew the whistle on a doctor targeting those who believed they had cancer. What was the outcome? Find out to‚Ä¶ https://t.co/rLlNzlK3Cy,70,@CBS
0.3182,Fri Jul 20 22:29:36 +0000 2018,0.0,0.905,0.095,"RT @startrekcbs: Discover the next adventure of Starfleet in this first look at the season 2 premiere, coming early 2019. Season 1 is now s‚Ä¶",71,@CBS
0.0,Fri Jul 20 21:39:09 +0000 2018,0.0,1.0,0.0,Take a trip down memory lane with the cast and crew of @MagnumPICBS at #SDCC2018! https://t.co/jHVxm7kyaT,72,@CBS
0.0,Fri Jul 20 15:08:23 +0000 2018,0.0,1.0,0.0,"This @cbsallaccess series is unlike any fairy tale you've ever seen before. @paulwesley, @kevwilliamson &amp;‚Ä¶ https://t.co/icsSnPxKAr",73,@CBS
0.0,Tue Jul 17 17:55:25 +0000 2018,0.0,1.0,0.0,ü§∞üë©‚Äçüëßüö´üç∏ #WorldEmojiDay,74,@CBS
0.0,Tue Jul 17 17:22:29 +0000 2018,0.0,1.0,0.0,üë®üìù‚úîÔ∏è¬†#WorldEmojiDay,75,@CBS
0.0,Tue Jul 17 17:22:29 +0000 2018,0.0,1.0,0.0,üë©‚Äçüíºüíºüá∫üá∏¬†#WorldEmojiDay,76,@CBS
0.0,Tue Jul 17 17:22:29 +0000 2018,0.0,1.0,0.0,üïµÔ∏èüïµÔ∏è‚Äç‚ôÄÔ∏è¬†#WorldEmojiDay,77,@CBS
0.0,Tue Jul 17 17:22:29 +0000 2018,0.0,1.0,0.0,‚öìÔ∏èü¶Öüá∫üá∏¬†#WorldEmojiDay,78,@CBS
0.0,Tue Jul 17 17:22:29 +0000 2018,0.0,1.0,0.0,üèÑüå¥üöî¬†#WorldEmojiDay,79,@CBS
0.0,Tue Jul 17 17:22:28 +0000 2018,0.0,1.0,0.0,üíôüëÆüçΩ¬†#WorldEmojiDay,80,@CBS
0.0,Tue Jul 17 17:22:28 +0000 2018,0.0,1.0,0.0,üí£üìé¬†#WorldEmojiDay,81,@CBS
0.0,Tue Jul 17 17:22:28 +0000 2018,0.0,1.0,0.0,üåé‚òÑÔ∏è¬†#WorldEmojiDay,82,@CBS
0.0,Tue Jul 17 17:22:28 +0000 2018,0.0,1.0,0.0,üè∑üí∞üé∞¬†#WorldEmojiDay,83,@CBS
0.0,Tue Jul 17 17:22:28 +0000 2018,0.0,1.0,0.0,üë∂üò¥üö´¬†#WorldEmojiDay,84,@CBS
0.0,Tue Jul 17 17:22:28 +0000 2018,0.0,1.0,0.0,ü§ùüíºüí∞¬†#WorldEmojiDay,85,@CBS
0.0,Tue Jul 17 17:22:27 +0000 2018,0.0,1.0,0.0,üíÑüë†üì∑¬†#WorldEmojiDay,86,@CBS
0.0,Tue Jul 17 17:22:27 +0000 2018,0.0,1.0,0.0,üèùüî•üíµ¬†#WorldEmojiDay,87,@CBS
0.0,Tue Jul 17 17:22:27 +0000 2018,0.0,1.0,0.0,üêÆ‚öñÔ∏è¬†#WorldEmojiDay,88,@CBS
0.0,Tue Jul 17 17:22:27 +0000 2018,0.0,1.0,0.0,üè†üìπüìπüìπ¬†#WorldEmojiDay,89,@CBS
0.0,Tue Jul 17 17:22:27 +0000 2018,0.0,1.0,0.0,üë∂üí•üåéüî¨¬†#WorldEmojiDay,90,@CBS
0.0,Tue Jul 17 17:22:26 +0000 2018,0.0,1.0,0.0,üí•üåéüî¨¬†#WorldEmojiDay,91,@CBS
0.807,Tue Jul 17 17:22:26 +0000 2018,0.0,0.7,0.3,Celebrate #WorldEmojiDay with a fun game! Use the emoji sequences below to guess the CBS show. üëá Tweet your respons‚Ä¶ https://t.co/LCqvuVtkXK,92,@CBS
0.1139,Fri Jul 13 21:35:01 +0000 2018,0.0,0.922,0.078,"Stand up. Speak up. Blow the whistle. 

Don't miss the premiere of the @TrueCrimeCBS series #Whistleblower tonight‚Ä¶ https://t.co/uNhx4Codc2",93,@CBS
-0.4404,Fri Jul 13 21:15:41 +0000 2018,0.132,0.868,0.0,"RT @TheNeighborhood: There's a new family on the block, and they're about to turn this neighborhood upside down. @CedEntertainer and @Tichi‚Ä¶",94,@CBS
0.0,Fri Jul 13 17:49:38 +0000 2018,0.0,1.0,0.0,Take a walk down @YandR_CBS memory lane with stars @JessWaltonYR and Peter Bergman! You can watch full episodes of‚Ä¶ https://t.co/MZEUfiJJyb,95,@CBS
0.6514,Thu Jul 12 01:01:24 +0000 2018,0.0,0.718,0.282,RT @TKOCBS: Prepare to have some major FUN. #TKO starts NOW! https://t.co/i2ftL6GCj5,96,@CBS
0.5562,Wed Jul 11 21:44:45 +0000 2018,0.0,0.826,0.174,"It‚Äôs fun, different, unique, and finally here! @TKOCBS hosted by @KevinHart4real premieres at 9/8c on CBS and‚Ä¶ https://t.co/MCeVLVK85i",97,@CBS
0.5411,Wed Jul 11 19:09:34 +0000 2018,0.0,0.857,0.143,"RT @MagnumPICBS: Talk about hands-on research! #MagnumPI's cast had the honor of joining the US Navy Submarine Force, US Pacific Fleet #Sub‚Ä¶",98,@CBS
0.0,Mon Jul 09 23:55:07 +0000 2018,0.0,1.0,0.0,Time to mark your calendars! CBS' fall 2018 premiere lineup has been announced: https://t.co/yYv3H9aEO7 https://t.co/lRxAA7suie,99,@CBS
0.0,Fri Aug 10 20:03:07 +0000 2018,0.0,1.0,0.0,NASA's first mission to the sun launches Saturday https://t.co/g9DBRFhhNT https://t.co/bCi89mmPKv,0,@CNN
0.1779,Fri Aug 10 19:53:04 +0000 2018,0.0,0.918,0.082,Amazon is launching a new feature for its cloud business that allows companies to quickly add capacity to their app‚Ä¶ https://t.co/rb7WtTa0oe,1,@CNN
0.3818,Fri Aug 10 19:43:06 +0000 2018,0.0,0.867,0.133,Education Secretary Betsy DeVos is rolling back another Obama-era regulation that was meant to protect students fro‚Ä¶ https://t.co/K7Sp9gbUeQ,2,@CNN
0.4019,Fri Aug 10 19:30:31 +0000 2018,0.0,0.856,0.144,"Special counsel Robert Mueller has subpoenaed Randy Credico, who Roger Stone says was his WikiLeaks back-channel‚Ä¶ https://t.co/KcJ0vENWGx",3,@CNN
-0.3818,Fri Aug 10 19:12:02 +0000 2018,0.175,0.825,0.0,"Two women who worked at Nike have filed a lawsuit accusing the company of systemic gender discrimination, saying ""w‚Ä¶ https://t.co/MfU7NaSoGK",4,@CNN
0.0,Fri Aug 10 19:04:39 +0000 2018,0.0,1.0,0.0,The Trump administration outlines a plan to reunite migrant children who were separated from their families with pa‚Ä¶ https://t.co/MaWNsVY1hJ,5,@CNN
0.0,Fri Aug 10 18:48:50 +0000 2018,0.0,1.0,0.0,"Kanye West opened up about fashion, mental health and President Trump on ""Jimmy Kimmel Live!""‚Ä¶ https://t.co/fHB1iPkBGU",6,@CNN
0.0,Fri Aug 10 18:46:00 +0000 2018,0.0,1.0,0.0,You may think of the Antarctic as pristine wilderness. Nope: It's already showing the effects of human activity tho‚Ä¶ https://t.co/dX6jbqMUHH,7,@CNN
-0.5106,Fri Aug 10 18:36:48 +0000 2018,0.216,0.784,0.0,North Korea has rejected repeated US proposals on denuclearization in a diplomatic standoff https://t.co/W2b7AoNoVp,8,@CNN
-0.5984,Fri Aug 10 18:24:29 +0000 2018,0.196,0.804,0.0,This Caribbean island plans to completely ban common plastics and single-use Styrofoam cups and food containers‚Äîeff‚Ä¶ https://t.co/RzxderbiSG,9,@CNN
0.3612,Fri Aug 10 18:11:55 +0000 2018,0.0,0.872,0.128,The Russian Embassy appeared to boldly troll the US in a tweet following the Trump administration's announcement of‚Ä¶ https://t.co/SMrbX5IpmQ,10,@CNN
0.0,Fri Aug 10 18:00:28 +0000 2018,0.0,1.0,0.0,"Astrophysicist Eugene Parker, the pioneer behind NASA's mission to the sun, is the first living person to have a sp‚Ä¶ https://t.co/Hy6DgOIW2q",11,@CNN
-0.802,Fri Aug 10 17:49:25 +0000 2018,0.265,0.735,0.0,"After a brutal attack on a Sikh man in California, a police chief is ""disgusted"" to learn that his own son is one o‚Ä¶ https://t.co/Hp1g7TfjqP",12,@CNN
0.3612,Fri Aug 10 17:36:54 +0000 2018,0.0,0.828,0.172,An amateur fossil enthusiast stumbled upon rare 25-million-year-old teeth of mega-toothed shark‚Ä¶ https://t.co/i8nzSbEvEh,13,@CNN
0.0,Fri Aug 10 17:30:01 +0000 2018,0.0,1.0,0.0,How residents of this small Rust Belt town are grappling with their Neo-Nazi neighbor https://t.co/ETAdd5D15s https://t.co/BhJ2UDxqBI,14,@CNN
0.0,Fri Aug 10 17:30:00 +0000 2018,0.0,1.0,0.0,A rare look inside the gigantic jet factory where Boeing has built its iconic aircraft for 50 years‚Ä¶ https://t.co/gB0X3pqMkE,15,@CNN
0.0,Fri Aug 10 17:28:49 +0000 2018,0.0,1.0,0.0,"A Nigerian radio station has been fined for broadcasting ""vulgar lyrics"" in ""This is Nigeria,"" a viral cover of Chi‚Ä¶ https://t.co/EpJtCS4tow",16,@CNN
-0.765,Fri Aug 10 17:20:33 +0000 2018,0.248,0.752,0.0,A dad and son in Alaska are accused of illegally killing a family of bears and covering it up. They didn't know a c‚Ä¶ https://t.co/r7vJGe0Llj,17,@CNN
0.6908,Fri Aug 10 17:11:39 +0000 2018,0.0,0.749,0.251,"Celebrities are sharing their ""weight"" in a social media movement that encourages women to look beyond numbers on a‚Ä¶ https://t.co/QFj3SZr0Z1",18,@CNN
0.0,Fri Aug 10 16:48:09 +0000 2018,0.0,1.0,0.0,"Buzz Aldrin calls the Trump administration's Space Force ""one giant leap in the right direction""‚Ä¶ https://t.co/2AMFyUS0RR",19,@CNN
0.0,Fri Aug 10 16:36:19 +0000 2018,0.0,1.0,0.0,"After several delays, Nicki Minaj's ""Queen"" is finally out https://t.co/OspRaaDX92 https://t.co/bVTmwmJIuk",20,@CNN
-0.1779,Fri Aug 10 16:21:12 +0000 2018,0.116,0.884,0.0,"Michael Avenatti, in Iowa, says he's seriously considering running against President Trump https://t.co/UevAUNdf3N https://t.co/GUmjGfTYlj",21,@CNN
0.7906,Fri Aug 10 16:16:00 +0000 2018,0.0,0.741,0.259,"Ruth Bader Ginsburg was sworn in as a Supreme Court justice 25 years ago today, on Aug. 10, 1993. Ginsburg, who was‚Ä¶ https://t.co/acTM4UzKxs",22,@CNN
0.0,Fri Aug 10 16:05:59 +0000 2018,0.0,1.0,0.0,"For the first time in Marine Corps history, a woman is in charge of an infantry platoon https://t.co/Cv6rCYSFTc https://t.co/QXm6wrnFw1",23,@CNN
0.6458,Fri Aug 10 15:54:56 +0000 2018,0.0,0.726,0.274,"Twitter says Infowars hasn't ""violated our rules."" It looks like that's not the case. https://t.co/w3LVvaYa8W https://t.co/1rQFPOqunW",24,@CNN
0.0,Fri Aug 10 15:53:32 +0000 2018,0.0,1.0,0.0,RT @CNNPolitics: Manafort trial lawyers and judge held secretive meetings to start off Friday morning https://t.co/VBtPgoslzS https://t.co/‚Ä¶,25,@CNN
0.0,Fri Aug 10 15:41:50 +0000 2018,0.0,1.0,0.0,Remember Overstock? It's basically a crypto company now  https://t.co/Wli0PZMxlC https://t.co/uJpl17VlDP,26,@CNN
-0.802,Fri Aug 10 15:29:18 +0000 2018,0.286,0.714,0.0,"After a brutal attack on a Sikh man in California, the community's police chief is ""disgusted"" to learn that his ow‚Ä¶ https://t.co/dimEVzgGD7",27,@CNN
-0.6705,Fri Aug 10 15:23:04 +0000 2018,0.29,0.71,0.0,2 police officers were among the 4 people killed in a Canada shooting Friday https://t.co/9n8uVCWrN8,28,@CNN
-0.6808,Fri Aug 10 15:16:36 +0000 2018,0.337,0.663,0.0,"At WeWork's corporate ""summer camp,"" there's no meat, no plastic straws, and no bottled water‚Ä¶ https://t.co/lDIt46Z8hJ",29,@CNN
-0.3818,Fri Aug 10 15:03:10 +0000 2018,0.168,0.725,0.107,A Wisconsin teen wanted to auction off a pig for a cancer charity. Buyers kept returning it so he could sell it ove‚Ä¶ https://t.co/Qc0EfqPtGW,30,@CNN
0.5859,Fri Aug 10 14:51:15 +0000 2018,0.0,0.725,0.275,Chipotle is trying to win customers back with bacon https://t.co/hu3sq0WUA9 https://t.co/HVIfW2g6cF,31,@CNN
0.1027,Fri Aug 10 14:48:00 +0000 2018,0.0,0.928,0.072,NASA's fully autonomous Parker Solar Probe will travel closer to the sun than any spacecraft has ever reached https://t.co/kyLbTvKqou,32,@CNN
0.0,Fri Aug 10 14:38:35 +0000 2018,0.0,1.0,0.0,Starbucks' new menu item: Kombucha https://t.co/uUQoera0EA https://t.co/5qMhvQgefU,33,@CNN
-0.4019,Fri Aug 10 14:26:21 +0000 2018,0.137,0.863,0.0,Trump vows to double steel and aluminum tariffs on Turkey amid escalating tensions between Washington and Ankara https://t.co/2jo8dpUumI,34,@CNN
-0.128,Fri Aug 10 14:14:00 +0000 2018,0.201,0.614,0.184,"""Crazy Rich Asians"" stars explain why the film should be allowed to fail: ""How many chances do white people get? ..‚Ä¶ https://t.co/yo3LVYdzPA",35,@CNN
0.0,Fri Aug 10 14:01:37 +0000 2018,0.0,1.0,0.0,5 signs you were meant to work for yourself https://t.co/9ASNtIgF5X https://t.co/PW4Q9D0SlJ,36,@CNN
-0.296,Fri Aug 10 13:50:39 +0000 2018,0.167,0.833,0.0,"President Trump railed against NFL players who protested at Thursday's preseason games, accusing the players of bei‚Ä¶ https://t.co/5a2FYy6M2Z",37,@CNN
0.6908,Fri Aug 10 13:42:06 +0000 2018,0.0,0.749,0.251,"Kristin Davis, also known as the ""Manhattan Madam,"" will testify before a grand jury in special counsel Robert Muel‚Ä¶ https://t.co/K8QOgMTCCt",38,@CNN
0.0,Fri Aug 10 13:30:36 +0000 2018,0.0,1.0,0.0,Video games featuring Nazi symbols such as the swastika can now be sold in Germany uncensored after a regulatory bo‚Ä¶ https://t.co/s1iaxPeVUI,39,@CNN
0.0,Fri Aug 10 13:18:54 +0000 2018,0.0,1.0,0.0,NASA's first mission to the sun launches Saturday https://t.co/2ncH1yMjnG https://t.co/h4Ar03FcC9,40,@CNN
0.0,Fri Aug 10 13:08:39 +0000 2018,0.0,1.0,0.0,"Melania Trump used visa opposed by her husband to get her parents' citizenship
https://t.co/bUOPFhuwYH https://t.co/iNWEN4vskZ",41,@CNN
-0.3612,Fri Aug 10 12:58:09 +0000 2018,0.135,0.865,0.0,"Social media filters mess with our perceptions so much, there's now a name for it:  ""Snapchat dysmorphia""‚Ä¶ https://t.co/sgZ9TT0oAc",42,@CNN
-0.6124,Fri Aug 10 12:45:52 +0000 2018,0.238,0.762,0.0,"Firefighters continued to battle Southern California's Holy Fire, which has scorched more than 10,000 acres since i‚Ä¶ https://t.co/Wis5vDFdog",43,@CNN
-0.5984,Fri Aug 10 12:33:13 +0000 2018,0.178,0.822,0.0,The Caribbean nation of Dominica plans to completely ban common plastics and single-use Styrofoam cups and food con‚Ä¶ https://t.co/gkNKnmH5Ba,44,@CNN
0.5574,Fri Aug 10 12:22:55 +0000 2018,0.0,0.825,0.175,"Today, Ruth Bader Ginsburg marks the 25th anniversary of her judicial oath on the US Supreme Court‚Ä¶ https://t.co/TevJionEof",45,@CNN
-0.296,Fri Aug 10 12:10:29 +0000 2018,0.115,0.885,0.0,"At least one person is missing and about 1,600 have evacuated because of flash floods in France‚Ä¶ https://t.co/GRcXa9jRtP",46,@CNN
0.0,Fri Aug 10 11:58:07 +0000 2018,0.0,1.0,0.0,It's that time again when there's speculation that Idris Elba might be cast as James Bond https://t.co/4krJaZ8wEd https://t.co/cbgo0hmhPh,47,@CNN
0.4404,Fri Aug 10 11:46:29 +0000 2018,0.0,0.818,0.182,"President Trump's re-election team will sell ""Space Force"" merchandise to his supporters https://t.co/G5ApUJ8wRM https://t.co/pXYg3EtMCG",48,@CNN
-0.4019,Fri Aug 10 11:34:43 +0000 2018,0.149,0.766,0.084,"Puerto Rico now admits the death toll from Hurricane Maria could be 1,427 ‚Äî far higher than the official toll of 64‚Ä¶ https://t.co/JfYhMTK7mk",49,@CNN
0.0,Fri Aug 10 11:23:10 +0000 2018,0.0,1.0,0.0,"NFL players kneel, raise fists or sit out National Anthem as preseason games begin https://t.co/E6hiadJKVZ https://t.co/w7L0G10EF4",50,@CNN
0.0,Fri Aug 10 11:07:00 +0000 2018,0.0,1.0,0.0,You may think of the Antarctic as pristine wilderness. Nope: It's already showing the effects of human activity tho‚Ä¶ https://t.co/yhXe8k6GDF,51,@CNN
0.34,Fri Aug 10 10:53:02 +0000 2018,0.0,0.897,0.103,"Several NFL players took a knee, raised fists or did not take to the field while the National Anthem was played bef‚Ä¶ https://t.co/AdiKiUxo80",52,@CNN
-0.7351,Fri Aug 10 10:49:02 +0000 2018,0.279,0.721,0.0,"Authorities in Bangladesh are being accused of torturing Shahidul Alam, one of the country's most famous photograph‚Ä¶ https://t.co/15OlCKrZjH",53,@CNN
-0.7579,Fri Aug 10 10:42:05 +0000 2018,0.294,0.706,0.0,Ryanair was forced to cancel nearly 400 flights on Friday because of pilot strikes in some of its biggest markets.‚Ä¶ https://t.co/p77u1gJXfb,54,@CNN
0.0,Fri Aug 10 10:26:04 +0000 2018,0.0,1.0,0.0,"The Perseid meteor shower has presented a scintillating display for 2,000 years and it's happening again this weeke‚Ä¶ https://t.co/vsg9JBvowC",55,@CNN
-0.5574,Fri Aug 10 10:18:48 +0000 2018,0.217,0.783,0.0,Germany has just lifted a ban on Nazi symbols being used in computer games https://t.co/OASGzRHaPr,56,@CNN
0.0,Fri Aug 10 10:02:57 +0000 2018,0.0,1.0,0.0,"Meet the master architect behind Japan's remote ""art island"" https://t.co/B7Paz2VJCA https://t.co/oXr8Jdgha4",57,@CNN
-0.2732,Fri Aug 10 09:30:08 +0000 2018,0.208,0.792,0.0,Turkish lira plunges 13% to record low https://t.co/UZNuXwPwFf https://t.co/SReVTsuy41,58,@CNN
0.0,Fri Aug 10 08:54:28 +0000 2018,0.0,1.0,0.0,New Zealand is trying to phase out single-use plastic shopping bags   https://t.co/QyKkAl5tpp,59,@CNN
-0.34,Fri Aug 10 08:39:58 +0000 2018,0.112,0.888,0.0,"CNN gets rare access on a US military surveillance flight over disputed islands in the South China Sea, where China‚Ä¶ https://t.co/3IHeZm3GQq",60,@CNN
0.0,Fri Aug 10 08:37:05 +0000 2018,0.0,1.0,0.0,JUST IN: CNN has been given a rare look at China‚Äôs rapidly expanding militarization of the South China Sea from a U‚Ä¶ https://t.co/Uka7wA207b,61,@CNN
0.3612,Fri Aug 10 08:03:06 +0000 2018,0.0,0.889,0.111,"These shark teeth, discovered by an amateur fossil enthusiast, are all about 25 million years old and belonged to a‚Ä¶ https://t.co/sPji4rYm5t",62,@CNN
0.0,Fri Aug 10 07:56:04 +0000 2018,0.0,1.0,0.0,North Korea issued a forceful statement against what it said were elements of the US government which are not adher‚Ä¶ https://t.co/OmIIq1lndv,63,@CNN
0.34,Fri Aug 10 07:49:02 +0000 2018,0.0,0.897,0.103,"Several NFL players took a knee, raised fists or did not take to the field while the National Anthem was played bef‚Ä¶ https://t.co/dSWHKPvtv0",64,@CNN
-0.6124,Fri Aug 10 07:42:06 +0000 2018,0.19,0.81,0.0,"After Hurricane Maria devastated Puerto Rico, Trump gave his administration a 10/10 for its response to the disaste‚Ä¶ https://t.co/LJroSKxmiC",65,@CNN
0.0,Fri Aug 10 07:35:06 +0000 2018,0.0,1.0,0.0,Melania Trump used a visa opposed by her husband to get her parents' citizenship https://t.co/kgbrYRWWOq https://t.co/p9xqXHDj0r,66,@CNN
0.0,Fri Aug 10 07:28:04 +0000 2018,0.0,1.0,0.0,"When staff at the Negro Leagues Baseball Museum discovered vandals had flooded their new education center, they did‚Ä¶ https://t.co/UqlX3OhRE9",67,@CNN
-0.2263,Fri Aug 10 07:21:03 +0000 2018,0.101,0.899,0.0,An off-duty police officer used a Taser on an 11-year-old girl suspected of theft at a grocery store. Cincinnati's‚Ä¶ https://t.co/GYA4XSdWDX,68,@CNN
0.4404,Fri Aug 10 07:17:05 +0000 2018,0.0,0.818,0.182,"President Trump's re-election team will sell ""Space Force"" merchandise to his supporters https://t.co/JabicGE38p https://t.co/XALwiw0nrh",69,@CNN
-0.5719,Fri Aug 10 07:14:06 +0000 2018,0.163,0.837,0.0,"A Wisconsin theater chain says it won't be screening the upcoming horror film ""Slender Man"" near the site where two‚Ä¶ https://t.co/UVUQTMu9HF",70,@CNN
-0.3612,Fri Aug 10 07:10:03 +0000 2018,0.226,0.774,0.0,Investors have serious doubts about Elon Musk's plan to take Tesla private https://t.co/72Y3Fn06P6 https://t.co/qXNboKORm3,71,@CNN
0.0,Fri Aug 10 07:03:07 +0000 2018,0.0,1.0,0.0,Chipotle is trying to lure customers back with bacon https://t.co/CPS6ZxsVSN https://t.co/d4nFvdcwqM,72,@CNN
-0.8316,Fri Aug 10 06:56:04 +0000 2018,0.358,0.642,0.0,A Massachusetts man was arrested for allegedly using Twitter to solicit the murder of ICE agents‚Ä¶ https://t.co/tmJEOEDehM,73,@CNN
-0.1779,Fri Aug 10 06:49:02 +0000 2018,0.164,0.71,0.126,A woman's lament: Please don't grow an effing beard | By Holly Thomas via @CNNOpinion https://t.co/4er5Plxu25 https://t.co/zZkgnWdo7U,74,@CNN
0.6808,Fri Aug 10 06:46:08 +0000 2018,0.125,0.59,0.285,"Yes, exercise helps you live longer and lowers risk of some diseases. But it could lead to better mental health, to‚Ä¶ https://t.co/lU469xeSVz",75,@CNN
0.6369,Fri Aug 10 06:42:06 +0000 2018,0.0,0.811,0.189,You could own a piece of the happiest place on Earth. This rare Disneyland memorabilia is set for auction:‚Ä¶ https://t.co/OZXjMHfB13,76,@CNN
0.6458,Fri Aug 10 06:35:04 +0000 2018,0.0,0.726,0.274,"Twitter says Infowars hasn't ""violated our rules."" It looks like that's not the case. https://t.co/NRpHSqR5La https://t.co/74zdn0Nv43",77,@CNN
0.6478,Fri Aug 10 06:31:00 +0000 2018,0.0,0.791,0.209,"A 1962 Ferrari 250 GTO, estimated to be worth between $45 million and $60 million, may soon be the most valuable ca‚Ä¶ https://t.co/THj3YuabiC",78,@CNN
0.4404,Fri Aug 10 06:28:03 +0000 2018,0.08,0.704,0.216,"Julian Assange and his legal team are ""seriously considering"" a request from the US Senate Intelligence Committee f‚Ä¶ https://t.co/XHkc1STt4U",79,@CNN
0.0,Fri Aug 10 06:21:08 +0000 2018,0.0,1.0,0.0,Melania Trump's Slovenian parents are now US citizens https://t.co/UWoCXoDalM https://t.co/0G8HI7Cut8,80,@CNN
0.0,Fri Aug 10 06:16:02 +0000 2018,0.0,1.0,0.0,"When staff at the Negro Leagues Baseball Museum discovered vandals had flooded their new education center, they did‚Ä¶ https://t.co/Ozdel2Wyn2",81,@CNN
0.0,Fri Aug 10 06:14:04 +0000 2018,0.0,1.0,0.0,"The rate of women addicted to opioids during pregnancy in the US quadrupled in 15 years, according to the CDC https://t.co/UVCr3TG2rF",82,@CNN
-0.4404,Fri Aug 10 06:07:08 +0000 2018,0.209,0.791,0.0,"Lindsay Lohan slammed for saying #MeToo makes women ""look weak"" https://t.co/7mGKJKBJde https://t.co/kMTlpGpgnn",83,@CNN
-0.7717,Fri Aug 10 06:01:06 +0000 2018,0.324,0.676,0.0,"Coffee rust disease, a problem exacerbated by climate change, has devastated coffee output throughout Latin America https://t.co/bjul6pcVs2",84,@CNN
-0.4019,Fri Aug 10 05:59:03 +0000 2018,0.149,0.766,0.084,"Puerto Rico now admits the death toll from Hurricane Maria could be 1,427 ‚Äî far higher than the official toll of 64‚Ä¶ https://t.co/Apx8RHXeIC",85,@CNN
0.0,Fri Aug 10 05:52:08 +0000 2018,0.0,1.0,0.0,"Nearly half of LGBTQ employees remain in the closet at work, according to a recent study https://t.co/fhFfIxzLpE https://t.co/by1MDTts5I",86,@CNN
0.0,Fri Aug 10 05:46:00 +0000 2018,0.0,1.0,0.0,"What does it take to make a Dreamliner? CNN's @RichardQuest goes inside Boeing's factory in Everett, Washington ‚Äî t‚Ä¶ https://t.co/6SSfjlpETw",87,@CNN
-0.6124,Fri Aug 10 05:45:07 +0000 2018,0.217,0.783,0.0,"A German drug maker is suing to block an execution in Nebraska, saying that the state illegally procured various dr‚Ä¶ https://t.co/JjMqvusUxO",88,@CNN
0.0,Fri Aug 10 05:38:04 +0000 2018,0.0,1.0,0.0,10 reasons why Americans go to church‚Äîand 9 reasons they don't https://t.co/Q75mfETX01 https://t.co/90Jy27JKjs,89,@CNN
-0.4767,Fri Aug 10 05:34:05 +0000 2018,0.171,0.758,0.071,Child welfare officials in Texas have launched an investigation into an allegation that a child died after leaving‚Ä¶ https://t.co/uktNMZRFWy,90,@CNN
0.4404,Fri Aug 10 05:31:03 +0000 2018,0.0,0.818,0.182,"President Trump's re-election team will sell ""Space Force"" merchandise to his supporters https://t.co/XHBEhwMLLX https://t.co/eszBU9Qhh3",91,@CNN
0.3804,Fri Aug 10 05:29:04 +0000 2018,0.0,0.885,0.115,"Online daters tend to pursue people who are roughly 25% ""more desirable"" than they are, a new study finds. The high‚Ä¶ https://t.co/GUXmAERKjg",92,@CNN
-0.34,Fri Aug 10 05:22:03 +0000 2018,0.13,0.87,0.0,"The Southern California fire that's putting 20,000 people under evacuation orders may have been set intentionally‚Ä¶ https://t.co/Fp6cixYLjX",93,@CNN
0.0,Fri Aug 10 05:16:00 +0000 2018,0.0,1.0,0.0,"The Boeing 747 has revolutionized commercial flight, transported space shuttles and hosted presidents. 

This is th‚Ä¶ https://t.co/dpsWPnaBiN",94,@CNN
0.5994,Fri Aug 10 05:15:07 +0000 2018,0.0,0.753,0.247,"If white parents want to raise children who play a role in creating a just and inclusive society, we've got to star‚Ä¶ https://t.co/MgnlsYQC21",95,@CNN
0.0,Fri Aug 10 05:08:05 +0000 2018,0.0,1.0,0.0,The vanishing bohemia of Los Angeles' Venice Beach https://t.co/1lBuOfk4Uv via @CNNstyle https://t.co/2wBs41NVfs,96,@CNN
-0.2263,Fri Aug 10 05:01:04 +0000 2018,0.101,0.899,0.0,An off-duty police officer used a Taser on an 11-year-old girl suspected of theft at a grocery store. Cincinnati's‚Ä¶ https://t.co/d0R6clj2fW,97,@CNN
-0.7351,Fri Aug 10 04:54:03 +0000 2018,0.256,0.744,0.0,Red tides have broken out in Florida for centuries. But scientists believe they may be getting worse after generati‚Ä¶ https://t.co/iGZqkAbsgh,98,@CNN
0.3818,Fri Aug 10 04:47:05 +0000 2018,0.195,0.551,0.254,The Heimlich family and the Red Cross are at odds over the best way to help choking victims https://t.co/SzjKKeiVSC,99,@CNN
-0.1027,Fri Aug 10 20:02:55 +0000 2018,0.076,0.924,0.0,"RT @FoxNewsResearch: Wages vs. Inflation
- from July 2017 to July 2018

‚Ä¢Avg hourly pay: +2.7%
‚Ä¢Inflation: +2.9%

(BLS)",0,@FoxNews
0.0,Fri Aug 10 20:01:23 +0000 2018,0.0,1.0,0.0,.@ShepNewsTeam is live with the ‚ÄòFox News Update‚Äô on Facebook Watch: https://t.co/Sb2cju6RMf,1,@FoxNews
0.3612,Fri Aug 10 19:54:43 +0000 2018,0.12,0.628,0.251,Marvel reportedly trying to convince Disney to bring back axed 'Guardians' director James Gunn. https://t.co/trqhK5O5LW,2,@FoxNews
-0.5574,Fri Aug 10 19:47:55 +0000 2018,0.195,0.805,0.0,The man accused of starting the Holy Fire was arraigned in court today. @JonathanHunt007 has the latest on the blaz‚Ä¶ https://t.co/7fLrdDGNpe,3,@FoxNews
-0.34,Fri Aug 10 19:42:14 +0000 2018,0.167,0.726,0.107,"'Let's Do It Like Eisenhower': Chicago Pastor Calls on Trump to Send Troops, If Needed, to Violent City. https://t.co/TPCUeLbtb2",4,@FoxNews
-0.4215,Fri Aug 10 19:34:01 +0000 2018,0.167,0.833,0.0,"White House fires back at 'disgruntled' Omarosa, says anti-Trump book is 'riddled with lies' https://t.co/n8bjnQCMFw",5,@FoxNews
-0.7579,Fri Aug 10 19:29:26 +0000 2018,0.265,0.735,0.0,"Shooting in Canada leaves at least four people dead, including two police officers. One suspect is in custody with‚Ä¶ https://t.co/LNb1QvOGL0",6,@FoxNews
-0.5106,Fri Aug 10 19:22:24 +0000 2018,0.268,0.732,0.0,DOJ probes Florida women's prison amid sexual extortion claims. https://t.co/fdIau5gHZx,7,@FoxNews
-0.1027,Fri Aug 10 19:18:05 +0000 2018,0.085,0.915,0.0,'We Have Run Out of Patience': Gowdy Warns of Possible Subpoenas in Trump Dossier Investigation. https://t.co/HgDTG3Jm2o,8,@FoxNews
0.0,Fri Aug 10 19:16:08 +0000 2018,0.0,1.0,0.0,RT @FoxBusiness: States where $300K can buy you the biggest home https://t.co/6jycFJvb1d,9,@FoxNews
0.0516,Fri Aug 10 19:12:00 +0000 2018,0.153,0.682,0.165,Mom detained in Dubai after drinking complimentary glass of wine on Emirates flight. https://t.co/JK68yKiQ6R,10,@FoxNews
-0.4588,Fri Aug 10 19:08:57 +0000 2018,0.167,0.833,0.0,.@LisaMarieBoothe on @Ocasio2018 Rejecting @benshapiro's Request for Debate: She's 'Unable to Defend Her Policy Pos‚Ä¶ https://t.co/IvAaxp45lO,11,@FoxNews
-0.4767,Fri Aug 10 19:01:26 +0000 2018,0.193,0.807,0.0,"Astronaut claims he witnessed an 'organic, alien-like' creature but NASA is denying it https://t.co/d6c1JV34Eh",12,@FoxNews
-0.3182,Fri Aug 10 18:50:01 +0000 2018,0.161,0.839,0.0,Arizona Democratic gubernatorial candidate's staffer resigns after old inflammatory tweets surface: report https://t.co/SJo9ciNH7w,13,@FoxNews
0.6369,Fri Aug 10 18:42:37 +0000 2018,0.0,0.755,0.245,".@ShirleneDOstrov: ""We are definitely ready to get our message out and we've recruited stellar candidates in order‚Ä¶ https://t.co/CHDXIpERRD",14,@FoxNews
0.4019,Fri Aug 10 18:30:18 +0000 2018,0.0,0.876,0.124,".@gslivingston: ""Trump, send the National Guard down here. Give us a breather so we can figure this out. Yes, let's‚Ä¶ https://t.co/HNU0FyhNII",15,@FoxNews
-0.6486,Fri Aug 10 18:24:56 +0000 2018,0.323,0.677,0.0,Bethenny Frankel's on-off boyfriend found dead in Trump Tower https://t.co/C8Qm1gydHT,16,@FoxNews
0.4019,Fri Aug 10 18:18:00 +0000 2018,0.0,0.748,0.252,.@kanyewest defends his support for President @realDonaldTrump. https://t.co/ig9Ml0pSaS https://t.co/1rasWuV59j,17,@FoxNews
-0.296,Fri Aug 10 18:17:19 +0000 2018,0.167,0.833,0.0,"Manafort trial judge mysteriously delays testimony, after new Mueller team complaint https://t.co/q0ItpuPMuk",18,@FoxNews
0.0,Fri Aug 10 18:10:19 +0000 2018,0.0,1.0,0.0,".@CongressmanRaja: ""We have to first take the majority before we can even talk about the speakership.""‚Ä¶ https://t.co/V286gjypdm",19,@FoxNews
0.0,Fri Aug 10 17:59:30 +0000 2018,0.0,1.0,0.0,Enormous swarm of earthquakes hit near Yellowstone supervolcano https://t.co/SWdUOHxLE9,20,@FoxNews
0.0,Fri Aug 10 17:58:09 +0000 2018,0.0,1.0,0.0,"RT @FoxBusiness: After @Walmart‚Äôs squeeze, can @Hostess_Snacks' Twinkies still thrive? https://t.co/4KF2ouxoJn",21,@FoxNews
0.0,Fri Aug 10 17:55:00 +0000 2018,0.0,1.0,0.0,"Delta passenger records baggage handler 'recklessly' throwing bags, dropping stroller on ground https://t.co/txaU9GZZnP",22,@FoxNews
0.1027,Fri Aug 10 17:50:00 +0000 2018,0.096,0.792,0.113,".@GOPChairwoman: ‚ÄúWe know what history tells us, that the party in the White House usually loses seats in the midte‚Ä¶ https://t.co/WQhNW2kfx1",23,@FoxNews
-0.4404,Fri Aug 10 17:45:00 +0000 2018,0.195,0.805,0.0,Navy in frantic search to find Marine who went overboard near Philippines https://t.co/IHavNgXbvF,24,@FoxNews
0.431,Fri Aug 10 17:38:19 +0000 2018,0.0,0.84,0.16,".@benshapiro: ""Discussion and debate are not 'bad intentions.' Slandering someone as a sexist catcaller without rea‚Ä¶ https://t.co/IsMxZfsaj6",25,@FoxNews
0.0,Fri Aug 10 17:35:00 +0000 2018,0.0,1.0,0.0,Today at 4p ET @benshapiro joins 'Your World' following @Ocasio2018‚Äôs response to his debate offer. Tune in to Fox‚Ä¶ https://t.co/spFCNWGNDF,26,@FoxNews
0.5859,Fri Aug 10 17:29:31 +0000 2018,0.0,0.676,0.324,"Spike Lee, John David Washington hope to spark conversation with 'BlacKkKlansman' https://t.co/rbKt11PWyo",27,@FoxNews
0.25,Fri Aug 10 17:28:00 +0000 2018,0.0,0.812,0.188,.@RepMarkWalker on a growing number of Democrats distancing themselves from Nancy Pelosi ahead of midterms‚Ä¶ https://t.co/7q98jVa2I3,28,@FoxNews
0.0,Fri Aug 10 17:25:00 +0000 2018,0.0,1.0,0.0,TSA chief confirms 150 smaller airports will not ditch screenings: 'We‚Äôre not doing that' https://t.co/vwv1MCOXw9,29,@FoxNews
0.0,Fri Aug 10 17:19:26 +0000 2018,0.0,1.0,0.0,".@CongressmanRaja: I do think that there‚Äôs an underlying common denominator among Democrats, which is we‚Äôre trying‚Ä¶ https://t.co/qWwwQyap49",30,@FoxNews
0.0,Fri Aug 10 17:15:00 +0000 2018,0.0,1.0,0.0,"On @AmericaNewsroom, RNC spokesperson @kayleighmcenany slammed the Democrats and House Democratic Leader‚Ä¶ https://t.co/qflaC3nm9h",31,@FoxNews
0.0,Fri Aug 10 16:57:49 +0000 2018,0.0,1.0,0.0,"President @realDonaldTrump has weighed in on the recent string of shootings in Chicago, labeling the bloodshed that‚Ä¶ https://t.co/IqEpOuLL9U",32,@FoxNews
0.5773,Fri Aug 10 16:52:17 +0000 2018,0.0,0.777,0.223,OPINION: 'Last Man Standing' -- The show Hollywood's political correctness couldn't kill off https://t.co/CijIo52Q0Q,33,@FoxNews
0.0,Fri Aug 10 16:48:34 +0000 2018,0.0,1.0,0.0,".@LisaMarieBoothe: ""When we've seen [Ocasio-Cortez] pressed even in the slightest by Margaret Hoover and Trevor Noa‚Ä¶ https://t.co/gf3AyrvqVV",34,@FoxNews
-0.7579,Fri Aug 10 16:35:24 +0000 2018,0.52,0.48,0.0,Former Georgia congressional candidate charged with murder https://t.co/NtlZWEFMDL,35,@FoxNews
-0.296,Fri Aug 10 16:30:02 +0000 2018,0.136,0.864,0.0,"Bill Murray accused of slamming photographer against a door, pouring water on him at restaurant https://t.co/PGm6qFWJmN",36,@FoxNews
-0.5267,Fri Aug 10 16:25:06 +0000 2018,0.254,0.746,0.0,"News outlets slammed for video humanizing MS-13 members, downplaying threat https://t.co/sc0O8hBkI9",37,@FoxNews
0.0,Fri Aug 10 16:15:37 +0000 2018,0.0,1.0,0.0,"Report: @RepGoodlatte could subpoena DOJ official Bruce Ohr, wife Nellie Ohr, Fusion GPS' Glenn Simpson. https://t.co/yJDgzGy5Ei",38,@FoxNews
0.0,Fri Aug 10 16:10:51 +0000 2018,0.0,1.0,0.0,".@KatiePavlich: ""We're not going to know if it came down to Rick Gates' testimony."" #Outnumbered https://t.co/ddPTZ1Xjix",39,@FoxNews
-0.4588,Fri Aug 10 16:00:48 +0000 2018,0.231,0.769,0.0,".@GregAbbott_TX: ""Sanctuary cities are banned in the state of Texas."" https://t.co/ElrINJ5T0Q",40,@FoxNews
-0.4019,Fri Aug 10 15:49:44 +0000 2018,0.213,0.787,0.0,OPINION: Marc Thiessen: Democrats have their own foreign espionage problem https://t.co/kXdE4gGtS0,41,@FoxNews
0.6908,Fri Aug 10 15:49:04 +0000 2018,0.0,0.637,0.363,'Be Like Maxine': Activist Group Selling Merchandise Inspired by Rep. Waters https://t.co/taiT6CYwNS,42,@FoxNews
-0.9595,Fri Aug 10 15:42:50 +0000 2018,0.589,0.411,0.0,"Thomas Homan: ""MS-13 kills for sport. They kill to terrorize. They kill for fun."" https://t.co/FpyB7PkilB https://t.co/D5APZ5U1Cb",43,@FoxNews
0.5859,Fri Aug 10 15:35:00 +0000 2018,0.0,0.703,0.297,".@DrJeffColyer: ""We have to win this election in November."" https://t.co/E6tR1mXTxV",44,@FoxNews
0.0,Fri Aug 10 15:24:52 +0000 2018,0.0,1.0,0.0,"Mollie Tibbetts likely went off in car with someone she knew, says FBI ex-profiler https://t.co/KS0Oy6gN9i",45,@FoxNews
0.0,Fri Aug 10 15:19:00 +0000 2018,0.0,1.0,0.0,".@kayleighmcenany: ""[@TheDemocrats] are not only messageless, but they're leaderless."" https://t.co/TTHvQZ0MYt",46,@FoxNews
-0.7506,Fri Aug 10 15:15:00 +0000 2018,0.368,0.632,0.0,"Judge halts mother-daughter deportation, threatens Sessions and Nielsen with contempt; @dougmckelway reports. https://t.co/IQfKlPByR2",47,@FoxNews
0.0,Fri Aug 10 15:11:27 +0000 2018,0.0,1.0,0.0,"RT @FoxBusiness: .@RepBlaine on Turkey's economy: ""It's a mess."" https://t.co/VmeYtlRJ17",48,@FoxNews
0.0,Fri Aug 10 15:11:24 +0000 2018,0.0,1.0,0.0,"RT @FoxBusiness: Oil edges up on Iran sanctions tightening supply
https://t.co/cbI1KrJA60",49,@FoxNews
0.0,Fri Aug 10 15:08:45 +0000 2018,0.0,1.0,0.0,".@kayleighmcenany: ""[@NancyPelosi] makes gaffes all the time. She's an elitist. And she is really dragging down Dem‚Ä¶ https://t.co/JzsGnhiIay",50,@FoxNews
0.0,Fri Aug 10 15:06:52 +0000 2018,0.0,1.0,0.0,".@kayleighmcenany: ""I do think we'll keep the House."" https://t.co/4Ulh1q2XH2",51,@FoxNews
0.3612,Fri Aug 10 14:59:00 +0000 2018,0.0,0.872,0.128,".@RepLeeZeldin: ""The North Koreans have never dealt with anyone like @POTUS. We are approaching this from a positio‚Ä¶ https://t.co/o0BaBQEbwY",52,@FoxNews
0.0,Fri Aug 10 14:48:57 +0000 2018,0.0,1.0,0.0,".@Ocasio2018 likens @benshapiro's offer to ""catcalling."" https://t.co/gmRbwlu1Lu https://t.co/dsXK5zA5c8",53,@FoxNews
-0.5423,Fri Aug 10 14:42:11 +0000 2018,0.22,0.78,0.0,"Hummer Estes watches a helicopter battling the Hat Fire, Thursday, Aug. 9, 2018, in Fall River Mills, California. https://t.co/O5BqmfhIT4",54,@FoxNews
0.0772,Fri Aug 10 14:26:41 +0000 2018,0.112,0.761,0.127,".@POTUS: ""There's no reason in a million years that something like that should be happening in Chicago.""‚Ä¶ https://t.co/xogopvwmZf",55,@FoxNews
-0.6249,Fri Aug 10 14:21:54 +0000 2018,0.451,0.549,0.0,Chicago violence since last Friday. https://t.co/lEAsrxjuO4,56,@FoxNews
0.0772,Fri Aug 10 14:17:35 +0000 2018,0.141,0.704,0.155,.@RepLeeZeldin: ‚ÄúWhat‚Äôs unfortunate is that you don‚Äôt see the Russians showing any type of appreciation whatsoever‚Ä¶ https://t.co/BB5A08euur,57,@FoxNews
0.2481,Fri Aug 10 14:09:37 +0000 2018,0.2,0.534,0.266,".@POTUS mocks NFL anthem kneelers: 'Be happy, be cool!' https://t.co/xIvnEdpeZ1",58,@FoxNews
0.0,Fri Aug 10 14:01:36 +0000 2018,0.0,1.0,0.0,".@IdrisElba may be next James Bond after Daniel Craig, producer hints https://t.co/M6PTjTqv2c",59,@FoxNews
-0.6705,Fri Aug 10 13:56:00 +0000 2018,0.257,0.743,0.0,Two police officers among four killed in early morning shooting in Canada https://t.co/PMhwkyJR1C https://t.co/ALTaw6qCAX,60,@FoxNews
0.0,Fri Aug 10 13:46:02 +0000 2018,0.0,1.0,0.0,Smoke from CA fires now covering 75% of state. https://t.co/7UKzMZdxjF,61,@FoxNews
-0.6486,Fri Aug 10 13:39:53 +0000 2018,0.323,0.677,0.0,"At least 4 people dead in shooting, Canadian police say https://t.co/1VL7DQw3SJ",62,@FoxNews
-0.6705,Fri Aug 10 13:38:59 +0000 2018,0.22,0.78,0.0,"JUST IN: Two police officers among four killed in early morning shooting in Canada, officials say https://t.co/vNJpsXlKD2",63,@FoxNews
0.872,Fri Aug 10 13:34:53 +0000 2018,0.0,0.503,0.497,Army recruiters brave storm to save American flag toppled by strong winds https://t.co/2sZ45Hi4iT,64,@FoxNews
0.0,Fri Aug 10 13:34:10 +0000 2018,0.0,1.0,0.0,"Ben Shapiro, Alexandria Ocasio-Cortez spar after he offers $10,000 to debate her democratic socialist beliefs https://t.co/8ag7mkHboO",65,@FoxNews
-0.7096,Fri Aug 10 13:25:00 +0000 2018,0.33,0.67,0.0,Florida Democrat asked to drop out of gubernatorial race following years-old assault allegations https://t.co/QDuozw8K9b,66,@FoxNews
0.0,Fri Aug 10 13:15:00 +0000 2018,0.0,1.0,0.0,Septic truck dives into backyard pool https://t.co/7riEq6uoSX,67,@FoxNews
0.0,Fri Aug 10 13:02:07 +0000 2018,0.0,1.0,0.0,How @NASA's Parker probe will dive through the Sun's atmosphere https://t.co/Xz3UUyhHDE,68,@FoxNews
0.0,Fri Aug 10 12:53:00 +0000 2018,0.0,1.0,0.0,"On @foxandfriends, former Acting Director of ICE Tom Homan spoke bluntly about MS-13 and the border.‚Ä¶ https://t.co/tLDXQq6trw",69,@FoxNews
0.3612,Fri Aug 10 12:52:41 +0000 2018,0.0,0.848,0.152,".@SteveHiltonx: ""Mueller and @Comey are swamp creatures, just like all the rest of them."" https://t.co/mKDgvJHLT1",70,@FoxNews
0.0,Fri Aug 10 12:46:00 +0000 2018,0.0,1.0,0.0,Tennessee executes its first inmate in nearly a decade https://t.co/ePZvEflQJi https://t.co/XvdKuN2y7x,71,@FoxNews
-0.4588,Fri Aug 10 12:38:54 +0000 2018,0.231,0.769,0.0,".@GregAbbott_TX: ""Sanctuary cities are banned in the state of Texas."" https://t.co/j62SQ19mBo",72,@FoxNews
-0.0516,Fri Aug 10 12:32:04 +0000 2018,0.25,0.459,0.291,DOJ slams 'sanctuary' Philadelphia for giving 'free pass' to child rapist https://t.co/GshM0LWoQi,73,@FoxNews
0.0,Fri Aug 10 12:30:29 +0000 2018,0.0,1.0,0.0,".@GregAbbott_TX: ""We have 1,000 people moving to the state of Texas every single day and the reason is because Texa‚Ä¶ https://t.co/mVbDMmGOra",74,@FoxNews
-0.4588,Fri Aug 10 12:29:32 +0000 2018,0.214,0.786,0.0,",@GregAbbott_TX: ""We have banned sanctuary cities in the state of Texas."" https://t.co/PWlfRKSUXE",75,@FoxNews
0.6808,Fri Aug 10 12:28:42 +0000 2018,0.0,0.708,0.292,".@GregAbbott_TX: ""It is these sanctuary city policies that both attract and allow in people who commit these heinou‚Ä¶ https://t.co/AhFBEZrAYu",76,@FoxNews
0.0,Fri Aug 10 12:28:00 +0000 2018,0.0,1.0,0.0,Rep. @Jim_Jordan accuser changes story. https://t.co/3hag0AG3Dj https://t.co/iiTPx2b8im,77,@FoxNews
-0.4588,Fri Aug 10 12:27:27 +0000 2018,0.231,0.769,0.0,".@GregAbbott_TX: ""Sanctuary cities are banned in the state of Texas."" https://t.co/ancPfc3sFO",78,@FoxNews
-0.6249,Fri Aug 10 12:23:17 +0000 2018,0.401,0.476,0.122,Unbelievable video shows camel trapped inside car after collision https://t.co/kDK6uGe31e,79,@FoxNews
0.0,Fri Aug 10 12:21:13 +0000 2018,0.0,1.0,0.0,"COMING UP on @foxandfriends, Texas Gov. @GregAbbott_TX - Tune in to Fox News Channel now! https://t.co/zCRFJxzcLY",80,@FoxNews
-0.9595,Fri Aug 10 12:14:24 +0000 2018,0.61,0.39,0.0,"Thomas Homan: ""MS-13 kills for sport. They kill to terrorize. They kill for fun."" https://t.co/ssCyzjjctF",81,@FoxNews
0.1677,Fri Aug 10 12:08:35 +0000 2018,0.075,0.821,0.104,".@GeraldoRivera: ""I feel so sorry for the ICE agents and they are certainly getting the short end of the stick."" https://t.co/FBKkPbncsT",82,@FoxNews
-0.6486,Fri Aug 10 11:56:40 +0000 2018,0.323,0.677,0.0,"At least 4 people dead in shooting, Canadian police say https://t.co/1VL7DQw3SJ",83,@FoxNews
0.4019,Fri Aug 10 11:45:01 +0000 2018,0.0,0.748,0.252,.@kanyewest defends his support for President @realDonaldTrump. https://t.co/ig9Ml0Ht2q https://t.co/xAVuH9nsYE,84,@FoxNews
0.128,Fri Aug 10 11:38:11 +0000 2018,0.063,0.852,0.085,".@JaySekulow: ""To allow questioning to go on with regard to decisions you make as President, it's not only absurd a‚Ä¶ https://t.co/vMyq3zPkUJ",85,@FoxNews
0.0,Fri Aug 10 11:31:17 +0000 2018,0.0,1.0,0.0,".@JaySekulow: ""[Pastor Andrew Brunson] will come home, I believe."" https://t.co/oqpZbSNhds",86,@FoxNews
0.0,Fri Aug 10 11:25:00 +0000 2018,0.0,1.0,0.0,Thomas Homan on @foxandfriends: ‚ÄúICE will not be bullied.‚Äù https://t.co/oOF04zeBnx https://t.co/V6K7T4lP8o,87,@FoxNews
0.4019,Fri Aug 10 11:15:00 +0000 2018,0.0,0.748,0.252,.@PhilBryantMS: ‚ÄúYou can be smart on crime.‚Äù @foxandfriends https://t.co/om2ieQeFEl,88,@FoxNews
-0.3818,Fri Aug 10 11:02:00 +0000 2018,0.271,0.729,0.0,A military helicopter drone that can fight wildfires https://t.co/ErW00F12St,89,@FoxNews
-0.7003,Fri Aug 10 10:55:00 +0000 2018,0.459,0.541,0.0,North Korea threatens to stall denuclearization in warning to US https://t.co/3ZLX8owCfG,90,@FoxNews
0.4019,Fri Aug 10 10:52:16 +0000 2018,0.0,0.886,0.114,SSG Jared Ferguson: ‚ÄúWe wear the flag on our shoulders every single day we put on our uniform. It‚Äôs definitely real‚Ä¶ https://t.co/Y5dH8tgaXm,91,@FoxNews
0.0,Fri Aug 10 10:50:00 +0000 2018,0.0,1.0,0.0,"Petition asks @POTUS to name @KingJames new education secretary, replacing @BetsyDeVosED https://t.co/E3C9z6SPiZ",92,@FoxNews
0.0,Fri Aug 10 10:48:36 +0000 2018,0.0,1.0,0.0,SSG Eric Barkhorn: ‚ÄúThe flag means everything to me. It‚Äôs everything that we stand for. It‚Äôs everything that we fig‚Ä¶ https://t.co/AiKcdSpz99,93,@FoxNews
0.6517,Fri Aug 10 10:45:00 +0000 2018,0.0,0.628,0.372,.@kanyewest defends his support for Trump: 'Liberals can't bully me' https://t.co/yd2VqwCKdd,94,@FoxNews
0.0,Fri Aug 10 10:43:00 +0000 2018,0.0,1.0,0.0,.@JimBridenstine: ‚ÄúNASA has blazed a trail that has resulted in the commercialization of space.‚Äù‚Ä¶ https://t.co/lpItlBJHI3,95,@FoxNews
0.0,Fri Aug 10 10:40:00 +0000 2018,0.0,1.0,0.0,.@usairforce releases video of Sgt. John Chapman's final moments https://t.co/1pOfBjE43e @FoxFriendsFirst https://t.co/YuY9sfBrkq,96,@FoxNews
0.0,Fri Aug 10 10:35:00 +0000 2018,0.0,1.0,0.0,Kobach says he'll recuse himself from Kansas vote-counting process https://t.co/HFjUrLAysv,97,@FoxNews
0.0,Fri Aug 10 10:30:01 +0000 2018,0.0,1.0,0.0,John ‚ÄúJV‚Äù Venable: ‚ÄúI think the time is right.‚Äù https://t.co/KbUMogNr14 @FoxFriendsFirst https://t.co/A5UuXgCbA0,98,@FoxNews
-0.34,Fri Aug 10 10:28:21 +0000 2018,0.124,0.876,0.0,"A firefighter keeps watch on the Holy Fire burning in the Cleveland National Forest in Lake Elsinore, California. https://t.co/lUpMQdUG0w",99,@FoxNews
0.1531,Fri Aug 10 20:01:07 +0000 2018,0.0,0.86,0.14,"In California, mandatory evacuations are, in effect, not mandatory. @tarangoNYT spoke with some of those who stayed. https://t.co/AQo2dNBkTi",0,@NYTimes
0.0,Fri Aug 10 19:46:04 +0000 2018,0.0,1.0,0.0,"Alexandria Ocasio-Cortez was offered $10,000 by Ben Shapiro, a conservative blogger and speaker, to debate him. She‚Ä¶ https://t.co/WbsJUduzGS",1,@NYTimes
0.0,Fri Aug 10 19:31:03 +0000 2018,0.0,1.0,0.0,Which company did not erase posts and videos from Alex Jones? Take our news quiz. https://t.co/S7MIvksVF0,2,@NYTimes
-0.4019,Fri Aug 10 19:16:14 +0000 2018,0.124,0.876,0.0,Zimbabwe‚Äôs recent elections were meant to usher in a new era after decades of oppressive rule. But has anything tru‚Ä¶ https://t.co/x6BLeh9fjy,3,@NYTimes
0.4215,Fri Aug 10 19:01:03 +0000 2018,0.0,0.833,0.167,The NRA sued Gov. Andrew Cuomo last month. He saw it as an opportunity.  https://t.co/8mNLzYOUGf,4,@NYTimes
0.7906,Fri Aug 10 18:46:02 +0000 2018,0.0,0.72,0.28,"Chlo√´ Grace Moretz on whether her Louis C.K. movie, ‚ÄúI Love You, Daddy,‚Äù should eventually be released: ‚ÄúNo, I don‚Äô‚Ä¶ https://t.co/L5D5z2JiUK",5,@NYTimes
-0.296,Fri Aug 10 18:31:07 +0000 2018,0.091,0.909,0.0,"RT @lauriegnyt: ‚ÄúThere is no map for the journey that we‚Äôve been on,"" said Tom DeVries, president of the Willow Creek Association, opening‚Ä¶",6,@NYTimes
-0.2263,Fri Aug 10 18:16:05 +0000 2018,0.106,0.894,0.0,The Army has stopped forcibly discharging soldiers who were recruited through a program that offers citizenship to‚Ä¶ https://t.co/KSLaN4SVKB,7,@NYTimes
0.8137,Fri Aug 10 18:01:04 +0000 2018,0.0,0.669,0.331,"Whose economy is it, anyway? Better economic times did little to help Obama's approval rating. Now it's Trump's tur‚Ä¶ https://t.co/qAhrgAg03w",8,@NYTimes
0.0,Fri Aug 10 17:46:02 +0000 2018,0.0,1.0,0.0,"RT @nytimesbusiness: Twenty months after President-elect Trump intervened to keep Carrier's factory open, workers are no-shows and the asse‚Ä¶",9,@NYTimes
0.6705,Fri Aug 10 17:31:03 +0000 2018,0.091,0.646,0.262,"To keep the base happy, a group of governors has:  
- Defended the federal health care law 
- Signed new gun contro‚Ä¶ https://t.co/XSIhJVJmkb",10,@NYTimes
0.0,Fri Aug 10 17:17:31 +0000 2018,0.0,1.0,0.0,Sign up here to get future installments of Gender Letter delivered to your inbox https://t.co/YClzdVD4NW,11,@NYTimes
0.0,Fri Aug 10 17:16:03 +0000 2018,0.0,1.0,0.0,"In the U.S., there are about 5,200 public statues depicting historical figures. Fewer than 400 are of women. https://t.co/HziRQkWA40",12,@NYTimes
0.3182,Fri Aug 10 17:01:07 +0000 2018,0.0,0.839,0.161,Not sure what to do in NYC this weekend? We‚Äôve got you. https://t.co/Om8BCLNLo0,13,@NYTimes
0.0,Fri Aug 10 16:46:07 +0000 2018,0.0,1.0,0.0,Trump said he would double the rate of tariffs on steel and aluminum imports from Turkey as its currency cratered https://t.co/o50NeoTXP1,14,@NYTimes
-0.2732,Fri Aug 10 16:31:05 +0000 2018,0.206,0.672,0.123,The ride-hail cars that critics say are choking New York City‚Äôs streets have also brought much-needed relief to far‚Ä¶ https://t.co/eRTmF4awMH,15,@NYTimes
-0.5994,Fri Aug 10 16:16:07 +0000 2018,0.246,0.754,0.0,"2 former employees have sued Nike, claiming a culture of sexual harassment and gender bias at the company https://t.co/JWjaZj7AQ1",16,@NYTimes
0.0,Fri Aug 10 16:01:13 +0000 2018,0.0,1.0,0.0,"EPA staff members objected to the agency‚Äôs new rules on asbestos use, internal emails show https://t.co/8hTTMCmNtj",17,@NYTimes
0.0,Fri Aug 10 15:47:40 +0000 2018,0.0,1.0,0.0,"RT @EnnisNYT: Almost exactly a year ago, Omarosa Manigault Newman appeared at a National Association of Black Journalists convention in her‚Ä¶",18,@NYTimes
-0.6486,Fri Aug 10 15:31:06 +0000 2018,0.261,0.739,0.0,Recep Tayyip Erdogan blamed outsiders for Turkey's difficulties and insisted that Turkey would weather the current‚Ä¶ https://t.co/36z4KbAME1,19,@NYTimes
-0.7096,Fri Aug 10 15:16:02 +0000 2018,0.269,0.731,0.0,"The morning after a handful of NFL players renewed their protests against social inequality and police brutality, T‚Ä¶ https://t.co/JaqMu7ZDRE",20,@NYTimes
0.4404,Fri Aug 10 15:01:07 +0000 2018,0.0,0.813,0.187,"""A few months after I began injecting testosterone, I discovered that one of the startling new privileges of my mal‚Ä¶ https://t.co/XYafwiqChI",21,@NYTimes
0.0,Fri Aug 10 14:49:24 +0000 2018,0.0,1.0,0.0,Trump frequently used the N-word while he was the host of ‚ÄúCelebrity Apprentice‚Äù according to a new memoir by Omaro‚Ä¶ https://t.co/S8jKsAzi6B,22,@NYTimes
-0.5574,Fri Aug 10 14:31:05 +0000 2018,0.159,0.841,0.0,"RT @kevinroose: New: Details about how Facebook (Mark Zuckerberg, really) decided to ban Alex Jones/Infowars, the questions that remain, an‚Ä¶",23,@NYTimes
-0.8442,Fri Aug 10 14:20:01 +0000 2018,0.324,0.676,0.0,The EPA's Scott Pruitt had rejected the advice of his own agency staff when he refused last year to ban a pesticide‚Ä¶ https://t.co/xHe8RB449Q,24,@NYTimes
0.0,Fri Aug 10 14:11:05 +0000 2018,0.0,1.0,0.0,"Kris Kobach will recuse himself from the count in the GOP race for Kansas governor. He has a slim lead, but also ov‚Ä¶ https://t.co/I1g3NycJqz",25,@NYTimes
-0.6705,Fri Aug 10 14:01:05 +0000 2018,0.2,0.8,0.0,"At least four people, including two police officers, were killed after a shooting in Fredericton, the capital of th‚Ä¶ https://t.co/4TZ3KU3JDA",26,@NYTimes
0.4019,Fri Aug 10 13:45:12 +0000 2018,0.069,0.783,0.147,NATO ambassadors said that the American demand to get the agreement done before President Trump arrived in Brussels‚Ä¶ https://t.co/tuxwyHKXhF,27,@NYTimes
0.5719,Fri Aug 10 13:29:05 +0000 2018,0.0,0.861,0.139,RT @nytimesworld: Scientists in Russia bred foxes that appear to take just as much pleasure in the company of people as your average golden‚Ä¶,28,@NYTimes
-0.6705,Fri Aug 10 13:16:03 +0000 2018,0.244,0.756,0.0,Maryland officials publicly lamented the masses of trash flowing into Chesapeake Bay ‚Äî and blamed two states to the‚Ä¶ https://t.co/qs1pYrgJ7i,29,@NYTimes
0.0,Fri Aug 10 13:00:09 +0000 2018,0.0,1.0,0.0,Morning Briefing: Here's what you need to know to start your day https://t.co/OBTOGDaYoJ https://t.co/DZqKTF3a6I,30,@NYTimes
0.34,Fri Aug 10 12:45:08 +0000 2018,0.0,0.888,0.112,"Mike Pence called for Congress to allocate $8 billion for space security over the next 5 years. President Trump, fo‚Ä¶ https://t.co/830RQOTNZQ",31,@NYTimes
0.0,Fri Aug 10 12:31:04 +0000 2018,0.0,1.0,0.0,"RT @nytimesworld: ""For a mother not to know where her children are is so hard,"" said an mother from South Sudan, reunited with her children‚Ä¶",32,@NYTimes
0.0,Fri Aug 10 12:25:00 +0000 2018,0.0,1.0,0.0,The police referred to it as ‚Äúan ongoing incident‚Äù and advised people to stay indoors. https://t.co/zkj7fdg2er,33,@NYTimes
-0.6705,Fri Aug 10 12:20:12 +0000 2018,0.191,0.809,0.0,"At least four people were killed in a shooting in Fredericton, the capital of the Canadian province of New Brunswic‚Ä¶ https://t.co/etVnoBLQKr",34,@NYTimes
0.0,Fri Aug 10 12:13:03 +0000 2018,0.0,1.0,0.0,"Asked if Melania Trump‚Äôs parents obtained citizenship through family-based immigration, sometimes called ‚Äúchain mig‚Ä¶ https://t.co/22msdy9NnU",35,@NYTimes
0.3612,Fri Aug 10 12:00:08 +0000 2018,0.0,0.839,0.161,Kanye West told Jimmy Kimmel why he supports President Trump. Our late-night roundup: https://t.co/wmYgUw17a9,36,@NYTimes
-0.7717,Fri Aug 10 11:44:04 +0000 2018,0.271,0.729,0.0,An assistant basketball coach at Wake Forest University was arrested after a man he punched over the weekend died o‚Ä¶ https://t.co/sLgEyueulX,37,@NYTimes
-0.6369,Fri Aug 10 11:30:03 +0000 2018,0.257,0.743,0.0,Political turmoil in Turkey and the country's escalating dispute with the Trump administration spilled into global‚Ä¶ https://t.co/g7NIecHUrc,38,@NYTimes
0.5267,Fri Aug 10 11:15:05 +0000 2018,0.0,0.672,0.328,New data is challenging the popular portrait of Trump voters https://t.co/jH9HGsA9iC,39,@NYTimes
0.0,Fri Aug 10 11:00:05 +0000 2018,0.0,1.0,0.0,Newly released cables provide at times graphic detail on the techniques the CIA used to interrogate Qaeda captives‚Ä¶ https://t.co/T2QO3f8XRE,40,@NYTimes
0.0,Fri Aug 10 10:30:04 +0000 2018,0.0,1.0,0.0,The federal judge overseeing the trial of Paul Manafort sealed a transcript of a private discussion in front of his‚Ä¶ https://t.co/19u8jmydIc,41,@NYTimes
0.5719,Fri Aug 10 10:14:03 +0000 2018,0.0,0.837,0.163,She had lectured across China and the world to explain and celebrate Uighurs' varied traditions. Her research was f‚Ä¶ https://t.co/WuxQ0xNM8T,42,@NYTimes
0.0,Fri Aug 10 10:00:05 +0000 2018,0.0,1.0,0.0,Morning¬†Briefing: Here's what you need to know to start your day https://t.co/P379yap4wO https://t.co/9gTfjYmkcj,43,@NYTimes
0.2614,Fri Aug 10 09:44:01 +0000 2018,0.103,0.746,0.151,"""No excuses anymore!"" said a Unicef official on Twitter. ""Does the world really need more innocent children's lives‚Ä¶ https://t.co/p1vyQh1lTO",44,@NYTimes
0.4404,Fri Aug 10 09:31:06 +0000 2018,0.0,0.861,0.139,Analysts on both sides said Israel and Hamas were trying to improve their negotiating positions for a longer lastin‚Ä¶ https://t.co/oauHprcx9h,45,@NYTimes
0.7506,Fri Aug 10 09:13:03 +0000 2018,0.0,0.726,0.274,"He's been called Britain's ""greatest chess prospect in a generation."" But when his father's work visa runs out next‚Ä¶ https://t.co/1mPPsqI5dl",46,@NYTimes
0.0,Fri Aug 10 09:00:03 +0000 2018,0.0,1.0,0.0,"Taliban insurgents entered the southeastern Afghan city of Ghazni before dawn on Friday, and within hours they clai‚Ä¶ https://t.co/cXaVrRggXa",47,@NYTimes
-0.1027,Fri Aug 10 08:44:06 +0000 2018,0.147,0.733,0.12,8 new books recommended by critics and editors at The New York Times https://t.co/8bnADYpnqU,48,@NYTimes
-0.6597,Fri Aug 10 08:29:04 +0000 2018,0.242,0.758,0.0,"""We will no longer be silent and we won‚Äôt let them win,"" said a designer who fought back tears as she spoke. ""Abort‚Ä¶ https://t.co/nqt3oXILf4",49,@NYTimes
-0.4404,Fri Aug 10 08:15:04 +0000 2018,0.121,0.879,0.0,"RT @nytimesworld: It was a ""bloody big shark."" An amateur fossil hunter stumbled upon a set of its teeth preserved along an Australian beac‚Ä¶",50,@NYTimes
0.0258,Fri Aug 10 08:02:05 +0000 2018,0.0,0.942,0.058,"U.S. officials pushed to finalize a NATO deal before last month's summit even began, to prevent President Trump fro‚Ä¶ https://t.co/ZwA5ILCZoV",51,@NYTimes
-0.4588,Fri Aug 10 07:46:04 +0000 2018,0.19,0.752,0.058,RT @nytimesworld: Intense lobbying by the Roman Catholic Church and social conservatives helped defeat a bill to legalize abortion in Argen‚Ä¶,52,@NYTimes
0.0,Fri Aug 10 07:32:02 +0000 2018,0.0,1.0,0.0,"""For a mother not to know where her children are is so hard."" Over the last two years, 433 unaccompanied minors who‚Ä¶ https://t.co/A9IEfO0jqK",53,@NYTimes
0.3612,Fri Aug 10 07:17:06 +0000 2018,0.0,0.889,0.111,"Climate change used to feel like an issue that other people were dealing with, or that future generations would fac‚Ä¶ https://t.co/qgrcejm0ae",54,@NYTimes
0.4215,Fri Aug 10 07:02:04 +0000 2018,0.0,0.865,0.135,"Public housing complexes in Hong Kong have become wildly popular Instagram destinations, drawing the ire of some re‚Ä¶ https://t.co/odVzIVwMW5",55,@NYTimes
0.0,Fri Aug 10 06:32:01 +0000 2018,0.0,1.0,0.0,"RT @nytimesworld: ""For a mother not to know where her children are is so hard,"" said an mother from South Sudan, reunited with her children‚Ä¶",56,@NYTimes
0.7717,Fri Aug 10 06:10:17 +0000 2018,0.0,0.609,0.391,"36 Hours in Boise (and beyond): Enjoy frontier charm, fine food, and ‚Äî Basque culture? https://t.co/6fAnoX2CrJ",57,@NYTimes
-0.4404,Fri Aug 10 05:54:01 +0000 2018,0.244,0.756,0.0,Why Won‚Äôt the Labour Party‚Äôs Anti-Semitism Scandal Go Away? https://t.co/x7NXNfsiBI,58,@NYTimes
-0.2732,Fri Aug 10 05:49:04 +0000 2018,0.11,0.89,0.0,RT @adamnagourney: A potential victim of the president‚Äôs tariffs: local newspapers getting whacked because of tariffs on Canadian newsprint‚Ä¶,59,@NYTimes
0.5574,Fri Aug 10 05:32:01 +0000 2018,0.0,0.805,0.195,The Sinclair Broadcast Group had hoped to created a behemoth to rival Fox News. That effort appears to now be defin‚Ä¶ https://t.co/56TSoLGrWr,60,@NYTimes
-0.7906,Fri Aug 10 05:26:52 +0000 2018,0.35,0.65,0.0,Coach at Wake Forest Is Arrested After Punch Leads to Man‚Äôs Death in Queens https://t.co/YTfj12UfV8,61,@NYTimes
0.0,Fri Aug 10 05:02:02 +0000 2018,0.0,1.0,0.0,"RT @tackettdc: Dave Brat was propelled to office by an insurgency. Now he faces one, from women. ‚ÄúWe feel the change coming‚Äù one said.  htt‚Ä¶",62,@NYTimes
-0.8442,Fri Aug 10 04:42:03 +0000 2018,0.324,0.676,0.0,The EPA's Scott Pruitt had rejected the advice of his own agency staff when he refused last year to ban a pesticide‚Ä¶ https://t.co/RG0OEfQcxp,63,@NYTimes
0.6808,Fri Aug 10 04:21:02 +0000 2018,0.0,0.752,0.248,RT @nytpolitics: How Rusal America ‚Äî a Russian firm currently subject to Treasury Department sanctions ‚Äî managed to win an tariff exclusion‚Ä¶,64,@NYTimes
-0.5719,Fri Aug 10 04:17:45 +0000 2018,0.236,0.764,0.0,How to Be an Ace Salary Negotiator (Even if You Hate Conflict) https://t.co/zthkZ4151B,65,@NYTimes
0.4939,Fri Aug 10 04:02:04 +0000 2018,0.0,0.849,0.151,How a random late-night Google search led to a wealth of new information about the early years of Langston Hughes https://t.co/o0ItVotxtQ,66,@NYTimes
0.34,Fri Aug 10 03:47:05 +0000 2018,0.088,0.731,0.181,"As they adapted to life at sea, dolphins, manatees and sea lions lost an enzyme that helps defend against certain p‚Ä¶ https://t.co/m2DMuZ6NWK",67,@NYTimes
0.0,Fri Aug 10 03:36:00 +0000 2018,0.0,1.0,0.0,"RT @rpogrebin: 'The goal isn‚Äôt simply to hire more curators of color or to do more shows featuring diverse artists, but for museums to fund‚Ä¶",68,@NYTimes
0.0772,Fri Aug 10 03:22:05 +0000 2018,0.0,0.929,0.071,"‚ÄúWe don‚Äôt want another candidate that just has a lot of experience,‚Äù said Michael Avenatti, Stormy Daniels's lawyer‚Ä¶ https://t.co/9EhY3dkagU",69,@NYTimes
0.0,Fri Aug 10 03:12:04 +0000 2018,0.0,1.0,0.0,"Kris Kobach will recuse himself from the count in the GOP race for Kansas governor. He has a slim lead, but also ov‚Ä¶ https://t.co/sDmmdElw99",70,@NYTimes
0.0,Fri Aug 10 03:02:03 +0000 2018,0.0,1.0,0.0,"""Insecure"" is back. Here‚Äôs what to remember for Season 3.
https://t.co/5NsURY93vR",71,@NYTimes
-0.7506,Fri Aug 10 02:47:02 +0000 2018,0.348,0.652,0.0,A federal judge threatens Attorney General Jeff Sessions with contempt over deported asylum seekers https://t.co/2SnPe7nuhK,72,@NYTimes
0.0,Fri Aug 10 02:32:05 +0000 2018,0.0,1.0,0.0,"President Trump has denounced what he calls ""chain migration."" His in-laws just became U.S. citizens by taking adva‚Ä¶ https://t.co/owbll3DxvO",73,@NYTimes
0.3182,Fri Aug 10 02:17:03 +0000 2018,0.0,0.905,0.095,"RT @nytvideo: If you are coming home for the first time after fleeing the wildfires ravaging California, please send us a video showing in‚Ä¶",74,@NYTimes
0.4019,Fri Aug 10 02:02:06 +0000 2018,0.0,0.87,0.13,"The pesticide industry, which had turned to the Trump administration for help, was dealt a major setback after a fe‚Ä¶ https://t.co/MyaHV7GMfv",75,@NYTimes
0.34,Fri Aug 10 01:47:04 +0000 2018,0.135,0.647,0.218,"Rashida Tlaib won a primary on Tuesday. She also lost a primary on Tuesday.
https://t.co/Si4LIm4qDm",76,@NYTimes
0.0,Fri Aug 10 01:32:04 +0000 2018,0.0,1.0,0.0,RT @nytgraphics: Is America's military big enough? We took a look at the military's size and spending in 2017. https://t.co/obKX8tQXyq,77,@NYTimes
0.0,Fri Aug 10 01:22:02 +0000 2018,0.0,1.0,0.0,Evening Briefing: Here's what you need to know at the end of the day https://t.co/oYxJ6rljcA,78,@NYTimes
0.0,Fri Aug 10 01:11:01 +0000 2018,0.0,1.0,0.0,"RT @viaSimonRomero: Entrance to the remote compound near Amalia, New Mexico, where authorities found 11 malnourished children &amp; remains of‚Ä¶",79,@NYTimes
0.0258,Fri Aug 10 01:02:04 +0000 2018,0.0,0.942,0.058,"U.S. officials pushed to finalize a NATO deal before last month's summit even began, to prevent President Trump fro‚Ä¶ https://t.co/o0kVi8Qv1G",80,@NYTimes
0.0,Fri Aug 10 00:47:04 +0000 2018,0.0,1.0,0.0,At first he liberated a single shark tooth the size of his palm from a rock with his car keys. ‚ÄúIt dawned on me whe‚Ä¶ https://t.co/h4SFsGQBVA,81,@NYTimes
-0.5232,Fri Aug 10 00:33:02 +0000 2018,0.165,0.779,0.056,"RT @EricLiptonNYT: In a major setback for pesticide industry, despite lobbying of Pruitt/Trump admin, a court today orders ban of chlorpyif‚Ä¶",82,@NYTimes
-0.5994,Fri Aug 10 00:22:04 +0000 2018,0.197,0.803,0.0,"Speaker Paul Ryan has hesitated to publicly criticize President Trump. As he nears his exit, he told us why: ‚ÄùThe p‚Ä¶ https://t.co/XPCHU0Sb3g",83,@NYTimes
0.4019,Fri Aug 10 00:12:03 +0000 2018,0.0,0.891,0.109,RT @NYTSports: Malcolm Jenkins raised his fist and Chris Long was there to support him. Two Miami Dolphins players knelt. It appears N.F.L.‚Ä¶,84,@NYTimes
0.3612,Fri Aug 10 00:02:08 +0000 2018,0.0,0.889,0.111,"Climate change used to feel like an issue that other people were dealing with, or that future generations would fac‚Ä¶ https://t.co/vkS7uHzaiO",85,@NYTimes
-0.25,Thu Aug 09 23:56:01 +0000 2018,0.087,0.913,0.0,RT @NYTScience: Initially reluctant Pentagon officials have lined up behind Trump's Space Force proposal and now say that they will do what‚Ä¶,86,@NYTimes
0.0,Thu Aug 09 23:47:03 +0000 2018,0.0,1.0,0.0,"‚ÄúIn the modern history of humanity,"" says an ecological activist, ""it has never happened that an entire sea perishe‚Ä¶ https://t.co/IrfeLZGnn2",87,@NYTimes
0.0,Thu Aug 09 23:32:03 +0000 2018,0.0,1.0,0.0,Evening Briefing: Here's what you need to know at the end of the day https://t.co/JykHUZpQ3c,88,@NYTimes
0.0,Thu Aug 09 23:17:04 +0000 2018,0.0,1.0,0.0,"RT @vindugoel: India's first Ikea is now officially open to the public, in the southern city of Hyderabad. If nothing else, people will pro‚Ä¶",89,@NYTimes
-0.5859,Thu Aug 09 23:02:09 +0000 2018,0.27,0.73,0.0,Kris Kobach's lead is cut in half as a counting error narrows Kansas governor primary https://t.co/4dMa2zdPB6,90,@NYTimes
0.0258,Thu Aug 09 22:47:03 +0000 2018,0.0,0.942,0.058,"In nearly 2 dozen letters Julia Sand advised, cajoled and scolded President Chester A. Arthur on policy matters lar‚Ä¶ https://t.co/8IFKHjv3fx",91,@NYTimes
0.0,Thu Aug 09 22:32:05 +0000 2018,0.0,1.0,0.0,"Asked if Melania Trump‚Äôs parents obtained citizenship through family-based immigration, sometimes called ‚Äúchain mig‚Ä¶ https://t.co/8ZAVre21SA",92,@NYTimes
-0.3506,Thu Aug 09 22:17:01 +0000 2018,0.104,0.896,0.0,"RT @FrancesRobles: The Puerto Rican government (quietly) acknowledged that the hurricane death toll was likely more than up to 1,400, but s‚Ä¶",93,@NYTimes
0.0,Thu Aug 09 22:02:03 +0000 2018,0.0,1.0,0.0,"Over the last week, Judge T.S. Ellis III, the judge presiding over the Paul Manafort trial, has sparred with prosec‚Ä¶ https://t.co/YVL5rcqUmc",94,@NYTimes
-0.5106,Thu Aug 09 21:51:06 +0000 2018,0.223,0.688,0.089,RT @NYTNational: Five adults are being investigated on suspicion of training children with weapons to further a ‚Äúconspiracy to commit schoo‚Ä¶,95,@NYTimes
-0.0268,Thu Aug 09 21:47:02 +0000 2018,0.111,0.739,0.15,"Tame foxes may seem like irresistible pets, but they are nocturnal and not easily housebroken. Still, their genes o‚Ä¶ https://t.co/NpXWLYJ9Tw",96,@NYTimes
0.0,Thu Aug 09 21:32:05 +0000 2018,0.0,1.0,0.0,"RT @anniecorreal: Melania Trump's parents became citizens today. Asked if the Knavses had obtained citizenship through ‚Äúchain migration,‚Äù t‚Ä¶",97,@NYTimes
0.7717,Thu Aug 09 21:15:02 +0000 2018,0.0,0.609,0.391,"36 Hours in Boise (and beyond): Enjoy frontier charm, fine food, and ‚Äî Basque culture? https://t.co/bVcgDRkWti",98,@NYTimes
0.0,Thu Aug 09 21:00:07 +0000 2018,0.0,1.0,0.0,"For years, men have made up the vast majority of public monuments in this country. A series of campaigns are now pr‚Ä¶ https://t.co/iG2dBpeRU3",99,@NYTimes
